meter_id,X2018_7_1_1h,X2018_7_1_2h,X2018_7_1_3h,X2018_7_1_4h,X2018_7_1_5h,X2018_7_1_6h,X2018_7_1_7h,X2018_7_1_8h,X2018_7_1_9h,X2018_7_1_10h,X2018_7_1_11h,X2018_7_1_12h,X2018_7_1_13h,X2018_7_1_14h,X2018_7_1_15h,X2018_7_1_16h,X2018_7_1_17h,X2018_7_1_18h,X2018_7_1_19h,X2018_7_1_20h,X2018_7_1_21h,X2018_7_1_22h,X2018_7_1_23h,X2018_7_1_24h,X2018_7_1_d,X2018_7_2_d,X2018_7_3_d,X2018_7_4_d,X2018_7_5_d,X2018_7_6_d,X2018_7_7_d,X2018_7_8_d,X2018_7_9_d,X2018_7_10_d,X2018_7_m,X2018_8_m,X2018_9_m,X2018_10_m,X2018_11_m
X5,6.64010191,6.567405701,6.549602985,6.529842377,6.31070137,6.52934885,6.334974766,6.390397549,6.196976185,6.411026955,6.070366859,6.118149757,5.958193779,6.331317902,6.561979294,6.774119377,6.77294445,6.80376339,6.654700279,7.06450367,6.473703384,6.503900528,6.145597935,6.425319195,152.9614029,151.973156,151.4959597,151.2757347,151.1847224,151.1586821,151.1653115,151.1883682,151.2196851,151.2551555,4700.315536,4734.280821,4617.861104,4809.298795,4690.459144
X7,1.441666245,1.980292916,1.787755847,1.837599874,2.024450779,1.957301497,1.724572182,2.217882156,2.280395508,2.298535347,2.548959255,2.659104586,2.683235168,2.648653984,2.590175152,2.670344353,1.874306798,2.755327225,2.875846386,2.174714804,1.759739161,1.801847935,1.881794214,1.295590162,50.64359576,45.3986797,42.73659755,41.39017392,40.71392785,40.37906062,40.21808686,40.14569194,40.11841781,40.11412756,1268.281828,1265.220143,1242.315902,1302.232722,1278.134528
X10,2.71981287,2.764349699,2.070869446,2.09249258,2.839469194,2.391345501,2.648378611,5.255367756,6.720348835,7.259431362,7.588092327,7.309994221,8.790655136,8.238264084,8.767886162,8.170038223,7.654651642,6.304618359,6.786599159,4.028356552,2.746785402,2.828030586,3.107344627,2.602938414,85.93226102,73.93354588,73.93354588,73.93354588,73.93354588,73.93354588,73.93354588,73.93354588,73.93354588,73.93354588,2303.938637,2291.939922,2218.006376,2291.939922,2218.006376
X16,3.672633171,4.615020752,4.519089699,4.915847778,4.713386536,4.017671585,4.139884949,4.309603691,4.659192562,5.325459003,6.218626499,5.553547859,7.637271881,7.756281853,7.605617523,8.134591103,7.899292469,5.070669174,7.914733887,7.198753834,5.617782593,5.245170593,3.385649443,3.323466301,120.517161,115.8075188,113.789222,112.9418127,112.6038055,112.4874171,112.4674455,112.4894205,112.5296447,112.5778084,3514.788138,3552.022654,3487.105398,3654.661835,3586.433638
X18,2.546606541,2.539925337,2.54107976,2.519941568,2.547785997,2.580022097,2.722500324,2.632945299,2.59745121,2.605792284,2.595074654,2.602747917,2.588765144,2.77145195,2.707556963,2.707327366,2.714609861,2.696222544,2.597450018,2.532059908,2.540621996,2.51943326,2.534409761,2.538565397,64.3293045,63.21232111,62.6035065,62.27167057,62.09080256,61.99221999,61.93848731,61.90920018,61.89323716,61.88453647,1923.494139,1918.09749,1856.223377,1918.09749,1856.223377
X20,0.054715723,0.398263931,4.19706583,0.587594867,0.285014331,0.281123579,0.354970187,0.407294273,4.193014622,0.628699303,0.351911604,0.481389672,0.492713869,0.627479613,4.210030079,4.189914703,0.22459355,0.338307559,0.394800782,0.396020472,0.411318541,0.404566884,4.215491772,0.274807632,10.89625799,63.0606164,13.18855863,61.20775763,15.31246502,59.51645222,17.28138104,57.97384079,19.10764367,56.56808756,1185.47684,1292.506609,1326.305153,1454.4549,1488.827802
X26,1.121822119,1.073873043,1.087708712,1.070302367,1.049769878,1.343960524,1.202241063,1.105924368,1.197735786,1.524408102,1.941968203,1.72606492,1.669347644,1.650631428,1.559948087,1.440781832,1.446767807,1.525447965,1.288528204,1.382338285,1.35445714,1.247455359,1.397713661,1.353699684,34.51161187,35.21422539,35.30986718,35.32288621,35.3246584,35.32489964,35.32493248,35.32493695,35.32493756,35.32493764,1094.131584,1095.073067,1059.74813,1095.073067,1059.74813
X30,4.159931183,3.775997162,3.284304619,3.31905508,3.288995028,3.714635849,3.567653656,3.471299171,3.652635336,3.430154562,5.430675507,6.953292847,7.150535583,7.961997986,7.246724129,7.780045986,8.793148041,7.307935715,9.315059662,7.774414063,7.435855865,6.055206776,5.125897408,6.406112194,124.6049012,115.7323726,113.5196619,113.0199866,112.9609374,113.0152259,113.098667,113.1896068,113.2824754,113.3758401,3548.29802,3621.935567,3590.684836,3798.813095,3761.856637
X31,0.316335976,0.491345227,0.555332959,0.47483471,0.479966015,0.49176982,0.483935714,0.507468939,0.493870229,0.565420091,0.559707224,0.57467705,0.572101235,0.54193455,0.542862773,0.544114411,0.52803421,0.489082277,0.520696759,0.474785447,0.487376034,0.485289216,0.493897736,0.391362846,11.24211264,11.32630251,11.401267,11.46801699,11.52745264,11.58037542,11.62749901,11.66945887,11.70682084,11.74008875,365.5035233,372.1362905,360.3075073,372.3228656,360.3125984
X32,0.346156836,0.243356496,0.319600523,0.27125445,0.298596829,0.408419311,0.540651441,0.599814653,0.597350061,0.6227054,0.732574224,0.690646768,0.582684934,0.500739038,0.481326967,0.608622015,0.536840796,0.545629323,0.607520759,0.495096654,0.512539506,0.60025382,0.555975676,0.293905169,11.48923643,11.51123993,11.53213987,11.5519916,11.57084768,11.58875805,11.60577015,11.62192902,11.63727746,11.65185612,362.7938987,368.3519569,357.5555035,369.7053085,357.8263876
X35,0.005919546,0.005919546,0.005908489,0.005919546,0.005919546,0.005919546,0.005919546,0.005919546,0.005919546,0.005919546,0.005919546,0.005919546,0.005919546,0.005919546,0.005919546,0.005919546,0.005908489,0.005919546,0.005919546,0.005919546,0.005919546,0.005919546,0.005919546,0.005919546,0.141781599,0.141947162,0.142101814,0.142246275,0.142381216,0.142507264,0.142625006,0.142734989,0.142837724,0.142933689,4.439595395,4.469062641,4.32833421,4.473049536,4.32881131
X37,8.195695877,6.680218697,4.918496132,4.713490009,2.654313564,2.316681147,2.197102547,2.348241329,2.234294891,2.691236258,2.608272314,2.485352516,2.129928112,2.267950535,2.608963728,2.82659483,7.754234791,8.121484756,9.624929428,8.757032394,9.297254562,9.302772522,8.804887772,7.083788872,124.1289098,121.3180721,120.7026337,120.6174677,120.6603825,120.7342336,120.8155572,120.8986855,120.9822498,121.0659194,3773.643618,3849.050646,3801.476076,4007.333243,3954.652782
X41,2.460330486,2.608920097,2.635966063,2.626403809,2.330823898,1.913303137,2.446825027,1.64947319,1.591689348,4.060733318,1.756872773,1.852533817,1.944824815,2.440571547,2.562310934,2.634896517,4.121103287,2.701536655,2.969856024,2.792951822,2.691465378,2.490873337,2.551830769,2.419677258,45.73392698,45.47678003,45.36961115,45.32012864,45.29283414,45.27407387,45.25859614,45.24438098,45.23065144,45.21710868,1399.874481,1386.328481,1329.323414,1360.939909,1304.753828
X42,1.298901558,0.432918698,0.242641807,0.41047731,0.286670029,-0.036724925,0.230162024,-0.160492361,-0.27822578,-0.193939924,-0.1667974,-0.180502951,0.589243293,2.762594223,2.939834595,3.176839352,3.402092695,1.926579237,1.175047874,2.935747147,2.159822941,1.591355801,2.172085047,2.132475376,47.72919132,43.14023146,41.50169573,40.95171411,40.80335272,40.80316846,40.85765389,40.93230963,41.01440716,41.09925033,1301.867658,1373.20401,1408.007416,1536.677983,1566.208034
X43,0.302931905,0.296338081,0.300398499,0.286934018,0.31292671,0.279029191,0.290294915,0.31797272,0.412243187,0.224276125,0.236396313,0.221324235,0.398516327,0.171111256,0.303383827,0.268784434,0.274182647,0.265763938,0.258227974,0.387113273,0.504615784,0.22939676,0.104653925,0.16677928,15.45397227,16.68741477,15.8356783,16.42383302,16.017691,16.29814669,16.10448193,16.23821442,16.14586732,16.20963632,501.2596502,501.6912478,485.5076548,501.6912433,485.5076548
X44,0.280316949,0.176523268,0.179987729,0.21254617,0.224125624,0.194287479,-0.044350564,0.118262351,-1.876753569,-1.05329299,6.043898582,2.048328638,5.115722656,0.955661893,0.832012892,-0.21787715,-0.481310725,-0.678415775,-0.606880665,-0.589412212,-0.489940047,-0.803181291,-0.613533974,-0.796683431,54.24705324,52.13377374,50.95614211,50.2999032,49.93421201,49.73042945,49.61687097,49.55359016,49.51832673,49.49867607,1544.472915,1533.69224,1484.218297,1533.69224,1484.218297
X47,0.069862276,0.066393852,0.068011969,-0.147756577,0.067484051,0.061548114,0.029657215,0.053695291,0.041456372,0.048003882,0.056167871,0.045024574,0.058762133,0.057251632,0.057066053,0.05264473,0.032402873,-0.175879657,-0.177995265,-0.19320941,-0.207356751,-0.237135112,-0.237672627,0.008440793,87.2508022,133.7697346,175.4815011,212.8978395,246.4760116,276.6246021,303.7087008,328.0545322,349.9535937,369.6663513,12624.81651,17678.38583,18464.27895,20370.49151,20959.12717
X50,9.561843872,7.803721905,6.676446438,6.776591778,5.861568928,6.131231308,4.312364101,5.317172527,4.191298008,4.520107746,4.76252079,4.105103493,5.165171146,5.001934528,5.58313942,7.288228989,6.742666245,10.26201725,11.06281281,11.25312042,10.10560417,8.477989197,9.56837368,7.792642117,173.1333944,161.5512284,156.8876718,155.0661712,154.4121425,154.237693,154.260247,154.363727,154.5004501,154.650829,4857.532937,4977.374399,4963.121762,5279.74391,5255.737418
X51,16.03069305,16.7946949,15.92571068,14.57805252,12.88087463,11.14230251,9.51607132,8.585267067,8.643472672,8.818014145,9.03440094,9.480363846,9.656903267,14.13939476,14.89573765,15.71905708,14.94036102,18.95602989,18.75387383,18.80842209,18.13583374,21.77062607,17.49146461,16.64689064,348.8167408,317.9573465,317.9573465,317.9573465,317.9573465,317.9573465,317.9573465,317.9573465,317.9573465,317.9573465,9887.537136,9856.677742,9538.720395,9856.677742,9538.720395
X55,11.28749466,3.813340425,4.188638687,5.861600399,4.56785965,6.816670418,3.052666426,3.097742319,12.82740307,18.15790367,18.89126015,19.32885933,18.12469864,19.2550106,20.88488197,19.7031765,19.08899689,19.74669838,20.3163166,20.70845032,21.53734398,20.75237465,18.9798069,16.85892105,315.6809712,312.0786379,311.5280853,311.588658,311.7716099,311.9790685,312.1914345,312.4047833,312.618329,312.831914,9743.484051,9942.782586,9817.48698,10346.69051,10208.36561
X59,3.138121128,2.654626131,2.779325247,4.874182224,4.984007359,2.977488518,4.930293083,2.970149994,9.191584587,14.9724474,14.38678169,14.41457939,16.20568466,14.25531387,13.88182354,13.02621269,13.74005222,13.02235317,9.129069328,9.485480309,9.546786308,9.332513809,7.625973225,6.064120293,85.61648364,64.57251068,71.18439194,69.16899938,69.84489428,69.68123912,69.77948252,69.79602638,69.8380565,69.87213615,2184.987716,2207.307845,2169.016995,2275.327278,2234.842254
X61,1.936711311,2.089062929,2.14508152,2.387477398,2.269663572,2.059547424,2.061577797,2.570920467,3.360866785,5.037241936,5.458927155,5.789906979,4.960924149,4.680284023,5.018330097,5.451321602,4.873461246,4.745374203,5.749990463,3.612333298,4.118418694,3.159529686,2.858859062,1.27030468,64.83455182,64.23485713,63.72275163,63.28544236,62.91200487,62.59311028,62.32079225,62.08824799,61.88966828,61.72009239,1910.489145,1882.796653,1821.860681,1882.58777,1821.859119
X62,0.20678407,-0.072273314,-0.2285344,0.008868337,0.004287779,0.023902118,0.070180684,0.055209219,-0.006145298,0.08958143,0.040407598,0.059320718,0.322782725,0.336145043,0.190364301,0.225433737,0.161858529,0.169120878,0.090047807,0.023577034,0.230427414,-0.012521565,-0.057698727,-0.011588871,16.96904267,22.00176978,19.2748836,20.83942017,20.03060275,20.53435915,20.3122019,20.49150826,20.4487868,20.52885693,640.6002461,677.5979041,688.9942514,746.3235488,755.5029399
X67,0.411279738,0.40367645,0.34174794,0.340025514,0.341335416,0.334843218,0.340456188,0.326379895,0.334343135,0.599947095,-0.00814718,0.268542796,0.315782249,0.121104687,-0.383954704,0.238842845,0.348688424,0.381783158,0.444633484,0.449641198,0.441733241,0.407331645,0.408440173,0.438324094,17.47728998,16.61192325,16.40428853,16.33659667,16.29867985,16.26709815,16.23686433,16.20691731,16.1770313,16.14715828,496.3542937,466.3015429,423.9289509,409.818289,369.2677375
X68,3.764686346,3.731551409,3.779740095,3.790472031,4.043928623,4.168047905,3.792663574,3.845687866,6.067179203,6.415266514,6.701886177,6.662051201,6.900315285,6.368743896,6.333369732,6.191468239,6.012102604,6.47905302,6.16947031,5.925375462,5.666294575,3.67609024,4.192131996,3.748836517,85.54063754,93.20800012,94.37313649,94.43972681,94.32071862,94.17035372,94.01469112,93.85813348,93.70142462,93.54469021,2859.403182,2720.105109,2488.943049,2423.710526,2202.109582
X70,0.19904241,0.196286887,0.203442723,0.143906474,0.191821098,0.204551101,0.185145348,0.208446681,0.178636193,0.081252545,-0.009525836,0.08784619,-0.165036261,0.052688956,-0.18164742,-0.208990276,-0.08512795,0.099413723,-0.163932562,0.078874797,0.10079053,-0.006165385,0.008489043,0.071542799,11.78280364,11.03171956,10.69612175,10.53576167,10.44931079,10.39403226,10.35190115,10.31531516,10.28106791,10.24780706,313.7620958,280.3408035,241.5222019,218.8050804,181.9715021
X73,0.141957998,0.112101495,0.112101495,0.079646587,0.117482483,0.113153994,0.116492033,0.119131207,0.118989825,0.128534764,0.151092231,0.255749166,0.194433391,0.68258673,0.265255064,0.223315001,0.221307397,0.219498277,0.252513051,0.249058127,0.290114015,0.337349564,0.346320212,0.325034112,4.282732975,4.614177556,4.691758558,4.712422332,4.720325036,4.725366656,4.729766811,4.734023147,4.738247237,4.742464098,147.2566553,151.850749,150.808854,159.8208825,158.5218864
X75,0.533818185,0.363079607,0.320985645,0.241588622,0.411899686,1.45291996,2.626956463,2.741643906,3.396085262,2.83702302,2.846986771,3.399407864,3.342680216,3.825416803,3.418943644,3.146046162,3.292329073,3.188771248,2.787695169,2.165196896,1.833705664,2.380962372,2.667848587,1.537333727,40.10910428,27.17667781,36.38907186,29.82663717,34.5013774,31.17133341,33.54348511,31.85368651,33.05741193,32.19993998,1013.666976,1009.256157,976.6996222,1009.256276,976.6996222
X76,0.728779316,1.418012381,1.411071658,1.359965801,1.487568378,1.39510417,1.724732995,1.498796344,1.568138957,1.693549871,1.938340783,2.332983255,1.80071342,2.281123161,2.108837128,1.752508163,2.144314289,2.282361507,1.465218425,0.821233273,0.816227376,1.284998417,0.839903951,0.780564785,16.20437545,13.47345751,12.9847354,12.88442152,12.85139031,12.83001427,12.81065721,12.79164989,12.77270316,12.75376692,395.8125046,373.6494183,344.2715662,337.8451517,309.6222759
X80,5.859638214,4.97470808,5.085499287,3.545205832,3.195292711,2.308526039,2.463787556,3.138378382,2.639482498,3.792906523,3.342864037,5.681241989,8.598263741,7.336792469,7.183144569,7.29419899,8.079602242,8.636716843,7.212370872,7.936769485,7.423804283,7.31484127,7.165421486,6.910416603,187.4126707,181.6344264,179.750687,179.0675387,178.7545065,178.5555729,178.3918135,178.2388976,178.0893244,177.9407818,5500.381166,5346.306238,5038.348441,5066.280541,4767.355832
X82,0.313297212,0.313297212,0.31640324,0.319636106,0.306838065,0.308461338,0.308639258,0.313475162,0.31376639,0.258376479,0.267765701,0.273823738,0.304353356,0.362383157,0.352748513,0.338359177,0.315977752,0.300868154,0.308347702,0.318994015,0.322185576,0.256902456,0.261204302,0.251575232,13.1217512,14.74732094,15.24012925,15.37741415,15.40311609,15.39379709,15.37348659,15.34972634,15.32488337,15.29970058,466.0733671,445.229972,407.6832343,397.3153789,361.3142733
X87,0.360227764,0.909197569,1.206313133,1.113106251,1.032649279,1.143116593,1.240327358,1.187799335,0.967833042,1.128888965,0.942186773,1.086740255,1.756753802,1.662534714,1.85407269,1.923600197,2.169169188,1.870338559,1.700570822,1.933893919,1.706945419,1.332105398,1.137823582,1.200060606,21.13389625,45.55012797,55.49847315,59.55190665,61.20347009,61.87639634,62.1505788,62.26229391,62.307812,62.32635826,1862.973875,1932.51244,1870.173329,1932.51244,1870.173329
X88,0.21634236,0.227045029,0.216563553,0.213656098,0.233563244,0.141798437,0.169603676,0.111057967,0.110705465,0.059973627,0.060777932,0.083183855,0.175317824,0.301808536,0.359103799,0.457654446,0.456492454,0.446168751,0.347746789,0.21975857,0.198702753,0.156785607,0.155346483,0.155332327,4.135443693,4.796448356,5.172572842,5.386526292,5.508162177,5.577245317,5.616412254,5.638549079,5.650991333,5.657914852,172.0606927,175.2698001,169.277402,174.570164,168.6003348
X91,0.272983044,0.273508221,0.341416895,0.333068341,0.270830631,0.218875617,0.429152668,0.320715755,0.329421937,0.298341036,0.260112464,0.22014007,0.179770887,0.352523148,0.280081272,0.278473794,0.318257689,0.417390525,0.279469222,0.261874199,0.381851673,0.458128393,0.369899273,0.352187932,18.40494631,22.20719303,23.61660775,24.16082077,24.39219361,24.5104495,24.5878045,24.65037052,24.70758914,24.76287423,768.5517747,829.8242734,852.6396108,932.2975888,951.8073353
X94,-0.035983622,-0.035541415,-0.038871169,-0.052215517,-0.043130219,-0.049875081,-0.048348546,-0.04270041,-0.039288402,-0.049191654,-0.062191069,-0.05496794,-0.035979092,-0.068403602,0.023474067,-0.034847558,-0.009469211,0.000755668,-0.020640016,-0.010417223,-0.023922503,-0.027030885,-0.074617088,-0.055795014,1.00921293,1.093789997,1.107990346,1.102663164,1.091917649,1.079668702,1.067002594,1.054220736,1.041406761,1.028583875,29.31386788,17.17436463,4.884280287,-7.080185372,-18.58786488
X102,0.486945599,0.468492061,0.471699744,0.421850026,0.399901211,0.434033751,0.502926767,0.465643734,0.492632419,0.247654021,0.24549526,0.295416534,0.403160393,0.304582745,0.47320956,0.323910922,-1.66159749,-0.744908214,-0.807815194,-0.100403666,0.447096646,0.468010783,0.532448232,0.586573541,22.94276836,23.90897239,24.23846924,24.33303076,24.3409047,24.31679222,24.28087723,24.24060731,24.19873047,24.15626071,738.3524218,699.7398714,637.9905439,618.7739193,559.6363967
X105,0.186110258,0.164348692,0.180278122,0.184520036,0.182925642,0.179935515,0.201282471,0.191650599,0.226977617,0.126434654,0.200518042,0.208459526,0.181069762,0.348181993,0.101435125,0.135751337,0.081474543,0.410926312,0.209870309,0.298351258,0.204115272,0.421354473,0.281698108,0.702142179,6.499716254,7.247050878,7.534713443,7.643972024,7.683989977,7.697134851,7.699849975,7.698517194,7.695613375,7.692099817,235.7307795,233.9890496,222.872237,226.6135736,215.7346797
X106,0.439765722,0.442681432,0.449289024,0.447935462,0.429208308,0.433115005,0.467210382,0.427504182,0.439545304,0.464070022,0.440032721,0.435139745,0.394268811,0.33578223,0.39109838,0.420964599,0.50614357,0.497936308,0.538352668,0.476091623,0.478671312,0.448490441,0.453363836,0.421480238,14.03074437,17.78898418,17.78898418,17.78898418,17.78898418,17.78898418,17.78898418,17.78898418,17.78898418,17.78898418,547.7002698,551.4585096,533.6695254,551.4585096,533.6695254
X107,0.097932518,0.12220192,0.124058694,0.120486498,0.10809353,0.123512477,0.087964982,0.12050271,0.107930452,0.056626171,-0.016931772,0.006576747,0.000999361,-0.012541771,0.019366771,0.055566788,0.041543871,0.041953117,0.039179295,0.035679191,0.037970632,-0.035048485,-0.030459821,0.00781405,4.971864611,6.747512941,7.483485221,7.79576693,7.935385528,8.004640157,8.045219941,8.074114103,8.09824612,8.12043746,250.6423587,275.6844198,285.875064,315.1240458,324.042444
X110,0.345586181,0.343770981,0.395353138,0.353522331,0.414306819,0.582324505,0.09268719,0.2682693,0.35894528,0.602823377,1.252232313,1.325578451,1.209349871,1.25313139,1.832608819,1.656062365,0.920166969,0.78563112,0.628919363,0.401467085,0.67523694,0.566583633,0.673115015,0.916371107,6.45151647,6.435454766,6.419393061,6.403331356,6.387269651,6.371207946,6.355146241,6.339084536,6.323022831,6.306961126,192.5283178,177.0930194,156.6838814,146.7203355,127.2909614
X111,0.100096494,0.109410107,0.105559081,0.103395671,0.137776881,0.162449479,0.168242335,0.161586553,0.174395829,0.190417379,0.129528552,0.156187654,0.298067451,0.282405436,0.304417551,0.167915702,0.217948973,0.173421592,0.186286628,0.247689873,0.254639357,0.20945701,0.254420698,0.234547019,7.353652853,11.46712581,11.46712581,11.46712581,11.46712581,11.46712581,11.46712581,11.46712581,11.46712581,11.46712581,351.3674272,355.4809001,344.0137743,355.4809001,344.0137743
X116,0.121738166,0.14675349,0.102035552,0.097171575,0.158470631,0.155256927,0.17386055,0.098602057,0.218175411,0.399468303,0.041306883,0.026157707,0.020741463,0.161625564,0.039127588,0.036367476,0.14394632,0.1008946,0.265206039,0.134952605,0.223039776,0.081003278,0.228005618,0.187006205,8.751175394,9.884994533,10.16980914,10.22458011,10.21701916,10.19256894,10.16354247,10.13327602,10.1026736,10.07198014,304.3254568,276.9875676,239.9370105,218.8822541,183.7060619
X120,0.298135877,0.291488886,0.278067052,0.28932941,0.275254428,0.419920772,0.362573624,0.276305377,0.281884193,0.291394502,0.216319472,0.312761217,0.271306217,0.27342701,0.198156089,0.287667006,0.452962011,0.458773583,0.272417426,0.316506684,0.418614358,0.385883033,0.387252897,0.164797097,10.50193747,23.26945011,27.4614579,28.83783635,29.28974812,29.43812609,29.48684361,29.50283923,29.50809113,29.50981551,886.5295609,914.8304119,885.3197535,914.8304119,885.3197535
X123,0.372480035,0.318407953,0.318407953,0.373118222,0.348619044,0.32089743,0.363539457,0.184363633,0.350288182,0.363552868,0.402073801,0.273221135,0.488746524,0.379209101,0.442442149,0.744184911,0.536914766,0.540819883,0.525219738,0.524938047,0.459114581,0.280837119,0.309224486,0.133229136,13.58591742,14.29430971,14.45846037,14.46585262,14.4280936,14.37732962,14.32281981,14.26723109,14.2113316,14.15534261,426.8873624,374.5551638,311.2096757,268.6114994,208.6835488
X124,0.146510959,0.096326649,0.096326649,0.111572623,0.152035058,0.021926731,0.094528377,0.053659499,0.160684764,0.216453791,0.22221446,0.239512295,0.204491556,0.198737592,0.21257937,0.252916336,0.287843287,0.23719731,0.326530695,0.314942718,0.328665286,0.204079807,0.138375133,0.165602416,14.65154547,17.71467309,18.61744734,18.85276626,18.88187046,18.84726329,18.79297206,18.73259931,18.67034764,18.60751546,558.5550243,504.4703818,430.4682264,385.1639528,315.0103918
X125,0.179825366,0.156573057,0.156573057,0.144088775,0.138972163,0.110568136,0.078025252,0.182874262,0.230737418,0.202894449,0.192568898,0.218360573,0.167809814,0.330592573,0.301347703,0.339276463,0.274364769,0.314267099,0.326578498,0.354341924,0.301369905,0.294771165,0.176699191,0.263507485,11.78993312,13.5544515,13.9842912,14.07893553,14.08939785,14.07871843,14.06272942,14.04540693,14.02774955,14.01000807,427.8271883,413.9287095,384.3169046,380.3262266,351.7983727
X126,-0.06471175,0.163637608,0.131305158,0.170228064,0.079764128,0.108411878,-0.024067819,0.076016575,-0.034083664,-0.006670773,-0.319996595,-0.201363623,-0.64644289,1.319654703,1.539934039,1.703578353,0.859577715,-0.022023261,-0.184233367,-0.589132547,-0.516605616,-0.402778566,-0.559914589,0.116300672,9.189918459,3.790357729,5.522016046,4.966667069,5.14476946,5.08765139,5.105969358,5.100094721,5.101978738,5.101374527,161.2427793,158.1471586,153.0456374,158.1471586,153.0456374
X130,0.295309305,0.276025951,0.286982,0.257903039,0.250848472,0.275968045,0.247816712,0.293432623,0.362346292,0.366226852,0.603464901,0.556209028,0.485659003,0.406181037,0.446310848,0.305487633,0.30186969,0.433407426,0.258871615,0.316426158,0.345664024,0.391133547,0.391434252,0.406821996,7.957804372,8.083281593,8.132367953,8.148731026,8.151076539,8.147417398,8.141186065,8.13385289,8.126047724,8.118040373,249.7362554,242.3045544,227.022918,226.8761428,212.0921971
X132,0.353157967,0.383711904,0.247664779,0.253678739,0.320389628,0.29821831,0.301103413,0.328647375,0.392991006,0.345982343,0.292264014,0.385035515,0.238066018,0.297671795,0.375908792,0.342916548,0.335890472,0.487691224,0.350366831,0.319175929,0.404110879,0.347264469,0.363911957,0.453133583,9.208837023,9.250856718,9.286212483,9.315961155,9.340991966,9.362053126,9.379774183,9.394684846,9.407230818,9.417787116,292.0248257,293.6797427,284.213783,293.6876141,284.2138203
X133,0.124376565,0.160970539,0.161666989,0.117915541,0.150184482,0.158895552,0.158709794,0.232736915,0.29244858,0.445721745,0.561986148,0.608176887,0.591738462,0.542088389,0.39432615,0.434525102,0.428953379,0.436007321,0.630680323,0.64579308,0.502259433,0.726678491,0.751941323,0.542376041,6.445827928,7.114117136,7.327209635,7.394434,7.414914808,7.420416608,7.421118374,7.420281964,7.418952645,7.417465373,228.2014665,228.1511801,219.362457,225.1978976,216.5044416
X134,0.34775573,0.549862146,0.559670806,0.477318972,0.456344187,0.792623878,0.309467375,0.370496452,0.371961296,0.406992376,0.320282221,0.375029415,0.386063963,0.36443907,0.433308601,0.413996994,0.483754754,0.46896258,0.551767707,0.777339816,0.581696808,0.376776427,0.410221666,0.531499088,7.870539374,7.870128111,7.869716847,7.869305584,7.868894321,7.868483058,7.868071795,7.867660531,7.867249268,7.866838005,243.7954832,243.4002593,235.1723322,242.6225605,234.4197205
X139,0.498917937,0.594008148,0.412174255,0.395761281,0.418081194,0.467131823,0.414445251,0.480390251,0.512859344,0.586063027,0.626856208,0.664437711,0.601635218,0.508040905,0.50009352,0.508427024,0.46045202,0.543994963,0.603450775,0.678275526,0.690666437,0.760238171,0.751566768,0.469745517,9.515381207,9.542018803,9.54956622,9.551704682,9.552310588,9.552482263,9.552530906,9.552544688,9.552548593,9.552549699,296.0771903,296.1290542,286.5765041,296.1290542,286.5765041
X140,0.6519081,0.311257213,0.391177744,0.263633251,0.289961934,0.292075634,0.292919278,0.350613713,0.432722032,0.479697824,0.474114686,0.440601647,0.404321104,0.471207678,0.553670228,0.582104564,0.689530373,0.571916342,0.762621164,0.45900479,0.519166529,0.510809362,0.563374996,0.389153779,13.14404001,13.11069076,13.11136078,13.1188972,13.12781953,13.13702159,13.1462801,13.15555001,13.16482223,13.1740949,410.1885847,419.0328351,414.0002529,436.5676876,430.9694649
X142,0.3646743,0.277549326,0.227812111,0.201029509,0.22641778,0.347496986,0.288261682,0.339552343,0.412087262,0.525129914,0.418092072,0.416817725,0.351184368,0.304630518,0.429611713,0.534578085,0.533570409,0.533074975,0.543078423,0.676823258,0.581224144,0.774631858,0.930141211,0.668852329,11.80352161,11.52920716,11.41454057,11.36584055,11.34439796,11.33421815,11.32869213,11.32508905,11.32228054,11.31980034,351.2805691,348.3291456,335.0348743,344.0762612,330.9191797
X143,0.220744967,0.182464689,0.160794169,0.215585828,0.152383357,0.206274658,0.198222071,0.234444082,0.258468807,0.247520179,0.211598873,0.222595692,0.242104918,0.240849882,0.077955961,0.286542237,0.213721782,0.263380796,0.340025783,0.242805451,0.270637393,0.300522506,0.209957749,0.199224234,7.225852024,6.920187112,6.82301996,6.794394931,6.788302625,6.789617789,6.793368105,6.797918959,6.802732984,6.807633525,212.6447189,216.705515,214.2377782,226.0525599,223.2833055
X148,0.199077547,0.219148189,0.10939014,0.143903583,0.112786859,0.164792985,0.352101266,0.299648672,0.28396827,0.314105988,0.338351637,0.241054714,0.284343362,0.333397478,0.319041431,0.295550972,0.271642983,0.373932481,0.484548867,0.454898566,0.485151142,0.380515784,0.368188381,0.270738423,7.219370776,7.040780838,6.999779191,6.99036581,6.988204635,6.98770846,6.987594546,6.987568393,6.987562389,6.98756101,216.9152688,216.6143786,209.626818,216.6143786,209.626818
X149,0.371738642,0.322066814,0.243633747,0.289659321,0.276497543,0.293440014,0.296754301,0.463187575,0.415583819,0.419506967,0.460206598,0.461100042,0.489852846,0.3833462,0.320648819,0.356605828,0.304276049,0.316760123,0.359076977,0.48570919,0.430161208,0.442065895,0.409920573,0.309677124,8.105010837,8.003243308,7.982082323,7.977421601,7.976138506,7.975546815,7.975096655,7.974675467,7.97426021,7.973846166,247.2725178,246.7146791,238.3775772,245.9323137,237.6204493
X155,0.422053009,0.389487386,0.310495317,0.328198969,0.238785088,0.257977784,0.226075113,0.27298826,0.790299177,0.795032024,0.186793774,0.198559821,0.12838006,0.118428051,0.22272259,0.23033759,0.261408627,0.451372117,0.271170676,0.300559878,0.327441216,0.403798103,0.312339365,0.609301805,8.038078606,7.58146679,7.42927413,7.378547003,7.361639213,7.356003701,7.354125336,7.353499261,7.353290585,7.353221031,228.9760745,227.948774,220.5955877,227.948774,220.5955877
X157,0.273829758,0.216208488,0.17947337,0.145874411,0.191334754,0.171577007,0.204483986,0.249754637,0.258871913,0.30205363,0.258989275,0.283623099,0.358085811,0.30713582,0.329217136,0.329725355,0.347693354,0.356776655,0.412489116,0.44097662,0.390319347,0.393685132,0.412857562,0.377380341,6.710482756,6.634252624,6.618959289,6.616967979,6.617880397,6.619426675,6.621111321,6.622826171,6.624547615,6.626270497,205.8624822,207.3909894,202.277763,210.6497208,205.4313739
X158,0.42461744,0.333917409,0.261668772,0.376044124,0.288355291,0.2026501,0.12718907,0.09774664,0.13522774,0.08337605,0.115490854,0.057383209,0.040772349,0.207020193,0.212228119,0.242470086,0.260711998,0.286796182,0.39318943,0.467749,0.295055449,0.291153997,0.074142486,0.252886802,9.946294076,8.639583847,7.85127999,7.37571704,7.08882244,6.915746486,6.811334323,6.748345216,6.710345546,6.687421347,214.5317019,206.2294277,199.5768642,206.2294264,199.5768642
X160,0.249666125,0.210246205,0.200003028,0.211070001,0.186049134,0.206821084,0.18614471,0.214744508,0.299480796,0.274733901,0.192794353,0.241555721,0.180533528,0.17509526,0.210819721,0.225439668,0.204509556,0.196573436,0.208358109,0.195966095,0.207772076,0.235684812,0.264002442,0.241909057,6.234492878,6.246597732,6.247210239,6.245128837,6.242415958,6.239555057,6.236659457,6.233755723,6.230850083,6.227943996,192.5000971,189.7328266,180.9532181,184.2371575,175.6348287
X161,0.650990367,0.516039789,0.341495872,0.298824817,0.379403383,0.415748894,0.308067173,0.408077389,0.361416578,0.419595808,0.442173183,0.486628234,0.485043883,0.457700372,0.474047363,0.517961621,0.532779694,0.446795166,0.721472502,0.861536264,0.79841429,0.732641518,0.954804122,1.052240133,14.03130674,13.73309725,13.68677352,13.6838556,13.68841751,13.69426838,13.70034136,13.70645262,13.71257047,13.71868946,426.861792,432.2981252,423.9521172,443.8695836,435.1503027
X163,0.405601859,0.306771189,0.266202748,0.330428392,0.285001159,0.29230845,0.305614471,0.290086031,0.299911618,0.31509006,0.297539353,0.235116124,0.260508955,0.222247928,0.252130985,0.23003453,0.303112686,0.248274505,0.335882127,0.465790153,0.436986387,0.452991366,0.570874572,0.456055909,6.650484368,6.735992873,6.755053194,6.757599607,6.756041932,6.753464297,6.750633178,6.747739062,6.74482929,6.741915628,208.3006371,205.6559506,196.354709,200.1437813,191.0203515
X165,0.224429965,0.198698759,0.219257921,0.250272632,0.231349766,0.315035373,0.331292629,0.307120383,0.329774737,0.462147623,0.391354859,0.494479895,0.433716774,0.378881335,0.417783767,0.394894928,0.442032963,0.404485375,0.389059812,0.50877285,0.442510486,0.445526659,0.517630339,0.305061758,6.67579137,6.625737823,6.610582045,6.604279556,6.600223076,6.596736391,6.593394259,6.590088798,6.586792641,6.583498845,203.5599132,200.3113909,190.8366431,194.0843382,184.810463
X166,0.57195574,0.618982255,0.369217873,0.320042998,0.316498756,0.407201529,0.401858389,0.447358072,0.50307405,0.688399673,0.523402452,0.553530216,0.605547309,0.646941543,0.658755183,0.753845215,0.817401767,0.617660224,0.74145031,0.701516151,0.774019361,0.516115725,0.621413946,0.579585612,13.92349166,13.35500168,13.14900817,13.07356625,13.04514194,13.03365082,13.02825813,13.02506176,13.02265638,13.02053588,404.6529845,401.38551,386.6440433,397.678846,383.0569491
X172,0.140886456,0.150009751,0.163202882,0.128670484,0.180734754,0.190424889,0.195740998,0.220417947,0.243914843,0.234832436,0.273178577,0.280630648,0.27453813,0.189840317,0.183522612,0.196000785,0.197928905,0.191854656,0.201485932,0.165050924,0.180266976,0.153189868,0.168384433,0.219433397,2.96924543,2.803034267,2.75788473,2.745430869,2.74180728,2.740568523,2.73997385,2.739553127,2.739179383,2.738818328,85.14832547,84.49456837,81.44286691,83.82068992,80.79072648
X175,0.68668443,0.581020355,0.37604177,0.505651474,0.49698177,0.346215248,0.287948459,0.407877833,0.516720891,0.710120976,0.673940241,0.799266815,0.709077597,0.386538267,0.419916332,0.398590982,0.401146799,0.493692398,0.921640038,0.865386844,0.80928576,0.71572119,0.659777522,0.527230978,9.06947152,8.534266575,8.809919623,8.667946714,8.741068731,8.703407818,8.722804772,8.712814525,8.717959922,8.715309826,270.4357017,270.2025327,261.486322,270.2025327,261.486322
X176,0.281327486,0.228302926,0.087468952,0.107166052,0.163131595,0.138628513,0.148765117,0.166312754,0.253399014,0.349788725,0.363296628,0.337867528,0.352705359,0.198033839,0.253014982,0.261729956,0.37713182,0.519794524,0.414229006,0.44671911,0.455673993,0.367361128,0.352566957,0.170089036,7.448821032,7.242654886,7.139198293,7.087282559,7.061230635,7.048157473,7.041597207,7.038305188,7.036653215,7.035824235,218.9153395,218.084666,211.0496768,218.084666,211.0496768
X177,0.458117962,0.260029793,0.127587169,0.145128638,0.132752091,0.120553404,0.275547922,0.33889693,0.333113074,0.287390351,0.327452481,0.251011491,0.16826427,0.276774406,0.23859933,0.235953748,0.080021143,0.313207388,0.346044838,0.27804029,0.278054923,0.336798131,0.771886468,0.478634834,7.78080885,7.381490909,7.381490909,7.381490909,7.381490909,7.381490909,7.381490909,7.381490909,7.381490909,7.381490909,229.2255361,228.8262182,221.4447273,228.8262182,221.4447273
X178,0.514489174,0.444129914,0.405059636,0.369715661,0.361723542,0.390637666,0.418330818,0.430714667,0.410328805,0.309599608,0.34263429,0.695226192,0.596753776,0.317054808,0.297335207,0.414902806,0.323362261,0.296501875,0.423769593,0.521058083,0.592267692,0.568178594,0.684618831,1.016072512,9.963569932,9.952451075,9.953301124,9.955875678,9.958698702,9.961557526,9.964421508,9.967286233,9.970151065,9.973015913,309.7154433,312.4494766,304.9917993,317.8669086,310.2344754
X183,0.229630798,0.253401995,0.217520863,0.192341447,0.188489139,0.163830966,0.195115238,0.235158235,0.206270039,0.215513378,0.177377611,0.158198386,0.154233009,0.188289493,0.26328063,0.279212177,0.235330164,0.234539509,0.237193167,0.273247242,0.267361045,0.217665911,0.217945367,0.276642084,4.904528989,4.947354476,4.968033831,4.978019374,4.982841142,4.985169453,4.986293737,4.986836625,4.987098772,4.987225356,154.4475061,154.6076503,149.6203067,154.6076503,149.6203067
X186,0.339639455,0.330872715,0.312337369,0.361427218,0.296173126,0.192386955,0.107079446,0.118572474,0.157264054,0.30774352,0.523848712,0.284634411,0.301528633,0.190868109,0.201169193,0.191601396,0.196915478,0.325944543,0.585299373,0.533274889,0.284034491,0.336256444,0.272064269,0.268439293,6.944602646,6.907977738,6.873867125,6.842098201,6.812510209,6.784953429,6.759288418,6.735385306,6.71312314,6.692389268,205.6584147,199.5066106,192.4163127,198.754046,192.3340771
X187,0.330207348,0.276955664,0.187670439,0.225144118,0.158507258,0.187387019,0.212330997,0.21870625,0.30667612,0.332395196,0.366929978,0.358694673,0.397478253,0.416229337,0.405764282,0.352715313,0.418076873,0.405970305,0.445295334,0.420475036,0.331001282,0.375512481,0.424954981,0.414651424,7.648960902,7.675095569,7.682583582,7.687247473,7.691483636,7.695655018,7.699816589,7.703976673,7.708136533,7.712296358,239.8243942,243.8525,239.7925251,251.7187185,247.4049947
X192,0.167801261,0.191666275,0.117510259,0.121204853,0.197426528,0.240799844,0.280866385,0.248232394,0.354597807,0.379485011,0.355121434,0.371672571,0.315096796,0.336519688,0.343646407,0.369350672,0.364753246,0.387402833,0.332535118,0.326942652,0.326306105,0.456549495,0.420357883,0.37552923,6.170968981,6.112259348,6.079558372,6.059109759,6.044433084,6.032475499,6.021798844,6.01172562,6.001936664,5.992281624,184.1595638,174.8199144,160.4553372,156.7877825,143.004887
X194,0.15615055,0.16261813,0.132264853,0.157450199,0.175520599,0.140370727,0.135258794,0.175542384,0.178742915,0.178154022,0.216677666,0.208794773,0.207837611,0.202331245,0.21794337,0.201736003,0.195477277,0.207733899,0.251161724,0.227045238,0.116849989,0.188407451,0.202513635,0.182775974,5.153727721,5.182019802,5.209048018,5.234868828,5.259536169,5.283101571,5.305614257,5.327121256,5.347667493,5.367295888,168.6595682,176.794402,172.9895675,179.2384197,173.5733899
X195,0.327817857,0.333577454,0.293455899,0.269984961,0.230749965,0.252652049,0.257506669,0.324211657,0.348674178,0.325501919,0.285180986,0.479705632,0.302870274,0.292272002,0.397982717,0.284681261,0.329726726,0.250688851,0.399760634,0.402775437,0.397822171,0.327519059,0.463366628,0.466222703,8.885485189,8.51133651,8.367008125,8.311333245,8.289856581,8.281571927,8.27837611,8.277143319,8.276667768,8.276484324,257.559087,256.5674427,248.2910736,256.5674427,248.2910736
X196,0.570272088,0.557362139,0.393331677,0.512558579,0.501061857,0.532763243,0.456263006,0.429973602,0.454167485,0.518244982,0.536278367,0.585695922,0.597906828,0.577839613,0.565175712,0.622885942,0.671140432,0.74987793,0.71236223,0.648564577,0.665593863,0.661647081,0.644371629,0.66548717,12.76168637,12.90212936,12.93944313,12.95142997,12.95719692,12.96143636,12.96530066,12.96907284,12.9728224,12.9765664,402.7294371,406.5658696,396.8749462,413.6423525,403.7231554
X200,0.344177604,0.351462066,0.318947017,0.242976993,0.269159079,0.203317821,0.33937481,0.327782303,0.269688368,0.294724226,0.186662436,0.253704607,0.292831063,0.229216814,0.23220849,0.293978423,0.292045414,0.200831443,0.313395381,0.317747563,0.361800849,0.357369542,0.252769947,0.31474793,7.313455146,7.117495033,6.945537528,6.794642619,6.662230406,6.546036997,6.444075795,6.354603537,6.276090486,6.20719428,189.9558921,177.3454944,171.4122946,177.1221041,171.4084144
X201,0.344179928,0.338102102,0.333236694,0.272295564,0.290959835,0.356546968,0.26788184,0.392527044,0.322717696,0.471583158,0.40430364,0.367544651,0.476156503,0.305618405,0.329040527,0.508184075,0.623354256,0.766890883,0.880928278,0.847505391,0.921536386,0.921305954,0.460797966,0.275855005,8.498400993,8.498931848,8.499462703,8.499993558,8.500524413,8.501055268,8.501586123,8.502116978,8.502647833,8.503178687,263.6972783,264.2074299,256.1703419,265.2112766,257.1418064
X205,0.465419233,0.425432026,0.297489047,0.366649032,0.340133369,0.416312635,0.363562435,0.479468048,0.585333943,0.499758363,0.461822689,0.415563166,0.358181059,0.477882683,0.448517352,0.492081672,0.434106201,0.526348054,0.497988641,0.433183789,0.437747091,0.62567544,0.46758914,0.482303262,10.65706589,10.59225943,10.57189747,10.56637371,10.56580381,10.56688781,10.56852397,10.57034448,10.57222653,10.57412913,328.3039979,329.9919385,321.0973401,333.609231,324.5979457
X206,0.343120158,0.336913049,0.244848937,0.322260767,0.235441148,0.334749192,0.349244803,0.337698519,0.464977354,0.473382384,0.45845288,0.437337399,0.429433584,0.326673925,0.295914233,0.337159455,0.297014415,0.299800247,0.380505979,0.423909992,0.486502528,0.409310609,0.525658906,0.514372408,8.089333817,8.242481637,8.291638521,8.306945339,8.31123363,8.311935284,8.311469451,8.310623591,8.309654028,8.308644198,257.0379205,256.387697,247.1753511,254.441362,245.2918011
X211,0.134126484,0.202750355,0.168069363,0.226296008,0.201105982,0.321522653,0.335644007,0.336088181,0.380265594,0.401994795,0.262831986,0.331074774,0.235923886,0.248543113,0.333410144,0.388536662,0.405147135,0.393249929,0.411047637,0.379552186,0.31607312,0.247545719,0.212324858,0.238141119,7.891977436,7.65270973,7.552706443,7.510971191,7.493615204,7.486459465,7.483571497,7.482469157,7.482113922,7.482071275,232.6809753,232.1482067,224.8262908,232.4927943,225.1597627
X213,0.374685317,0.364088953,0.399964333,0.401365757,0.37698257,0.311086893,0.329083622,0.336942852,0.349505961,0.368638098,0.343830913,0.322460562,0.308403075,0.30143556,0.379407167,0.420297205,0.44372493,0.456081331,0.424849212,0.419916213,0.446995914,0.452121079,0.473436832,0.4468503,7.458295942,7.338581917,7.313271603,7.308901973,7.309177416,7.310483232,7.312017606,7.313602679,7.315198997,7.316797811,227.3185691,228.6553804,222.7429652,231.6800811,225.6700949
X214,0.502233684,0.470774114,0.316594809,0.404655665,0.407314986,0.419188529,0.36507231,0.464719743,0.471517891,0.424330682,0.433415473,0.437514186,0.388115406,0.402733415,0.423531681,0.458224595,0.460017681,0.409376144,0.460975111,0.449149311,0.452873141,0.492530555,0.495634913,0.481546193,10.20988752,10.44843237,10.52911991,10.55641238,10.56564403,10.56876663,10.56982284,10.5701801,10.57030095,10.57034182,327.1365149,327.6812442,317.1108815,327.6812442,317.1108815
X215,0.641987085,0.55208993,0.522268713,0.531248927,0.487347066,0.498072684,0.499209553,0.408718824,0.488073468,0.397841513,0.328413606,0.513901532,0.551316857,0.467728347,0.5853315,0.563307285,0.583417475,0.57099843,0.501537383,0.55220294,0.697649062,0.579738259,0.665433764,0.752332151,12.41284022,12.43460654,12.44275859,12.44710011,12.45037508,12.45335154,12.45624445,12.45911396,12.46197694,12.46483808,386.90557,389.6909013,379.7375197,395.0999728,384.9721051
X216,0.325547278,0.27083689,0.1348432,0.207450956,0.20233193,0.191023111,0.250967175,0.252276152,0.257635772,0.323668897,0.544041276,0.525122404,0.589817107,0.430001646,0.323880196,0.309525281,0.374381959,0.235583216,0.256893396,0.346961021,0.45751065,0.339858502,0.474540234,0.45961234,5.737599426,5.736247616,5.734895805,5.733543995,5.732192184,5.730840373,5.729488563,5.728136752,5.726784942,5.725433131,177.2369903,175.9379004,169.0255776,173.3816266,166.5517643
X217,0.210893393,0.180347174,0.153342485,0.155858129,0.165742606,0.175254643,0.152143657,0.188709408,0.176562667,0.15415436,0.134758562,0.221819341,0.167304695,0.173410982,0.306588531,0.146884471,0.227919042,0.24275133,0.251425892,0.332550108,0.385957718,0.368433416,0.352051914,0.333631814,5.08167153,5.428793497,5.535551709,5.564211422,5.567495532,5.562534652,5.554894828,5.546384567,5.537591484,5.528706509,168.948463,161.1487644,147.7801953,144.2636393,131.4397516
X218,0.14943102,0.256323993,0.283499748,0.568323672,0.247386932,0.35972017,0.325139761,0.339566827,0.373787224,0.401010126,0.277386516,0.528692007,0.241350323,0.328612089,0.314955324,0.379880369,0.469473332,0.312295198,0.450905979,0.556476951,0.575304091,0.479138196,0.848387599,0.436257422,8.135646849,8.223526554,8.24710146,8.254127097,8.256893668,8.258564139,8.259952523,8.261268309,8.262565412,8.263857706,256.2626626,257.6599572,250.5292704,260.1005349,252.8911198
X219,0.124632597,0.131267697,0.111490548,0.150307059,0.140104294,0.156667143,0.164060533,0.153822243,0.155765235,0.162974268,0.147598058,0.149950892,0.164467186,0.141205221,0.155326933,0.145658851,0.161148787,0.101424664,0.165745467,0.170471817,0.123335272,0.127302676,0.132647723,0.11606738,4.06703743,4.011802674,3.973852939,3.947913079,3.930317849,3.918520585,3.910751828,3.905782134,3.902757269,3.901083699,121.5854997,122.3256078,119.6632738,124.978499,122.2305953
X223,0.520308375,0.462207288,0.315834373,0.362160534,0.338164121,0.44592011,0.412257016,0.380078614,0.398132861,0.506099701,0.399264872,0.441508681,0.403437674,0.346398354,0.436320543,0.476148725,0.483529508,0.366637111,0.52758646,0.554978013,0.594363332,0.487963825,0.580305636,0.583523273,9.81465311,9.877306821,9.891196281,9.897368386,9.902319154,9.907076636,9.911803528,9.916525579,9.921246864,9.925968027,308.5013766,313.1201576,307.3393512,322.047835,315.9790391
X225,0.282701075,0.263865709,0.206925184,0.221770644,0.211173177,0.265607864,0.355795771,0.432376415,0.428148419,0.405449271,0.354354501,0.334712088,0.346904874,0.325863063,0.341449916,0.363304883,0.410162508,0.377145052,0.501045346,0.490979075,0.473643154,0.442192584,0.375472337,0.272804558,8.772006899,8.599683869,8.552009958,8.538820765,8.535171918,8.534162448,8.533883174,8.533805912,8.533784537,8.533778623,264.8764126,264.5470672,256.0132908,264.5470672,256.0132908
X228,0.295977712,0.322435081,0.309113204,0.27507475,0.311413407,0.322779953,0.356514066,0.3858639,0.545464396,0.477217078,0.5077914,0.330217093,0.449843019,0.517778099,0.549730837,0.543201327,0.565635264,0.583295047,0.601814747,0.627496958,0.628544211,0.665259659,0.601284862,0.584122658,10.14391838,9.931210342,9.771100496,9.650582423,9.559865918,9.491581684,9.440182694,9.401493586,9.372371475,9.350450645,291.2735439,287.7959418,278.5116974,287.7954206,278.5116974
X229,0.354872197,0.360149682,0.285397679,0.30853951,0.262644589,0.404247522,0.349793702,0.279794991,0.367205381,0.356058836,0.441369861,0.518047988,0.609973311,0.720702946,1.094157457,0.713633418,1.032583117,0.580389082,0.885181963,0.918391168,0.797203779,0.770975471,0.83455056,0.469430625,11.60632795,9.865430013,9.064503796,8.696025673,8.526501784,8.448509775,8.412628382,8.396120608,8.388525959,8.385031927,265.8152924,259.8436973,251.4616425,259.8436973,251.4616425
X230,0.433669001,0.480078876,0.411848426,0.328748822,0.419667006,0.377931803,0.356053293,0.4281542,0.348754376,0.27896446,0.426394075,0.432807744,0.354617864,0.263516366,0.349420846,0.342012644,0.365282923,0.382576108,0.458116233,0.427967817,0.432596505,0.411623895,0.463238478,0.426600039,7.991711163,8.686293353,8.872655677,8.92262389,8.935987172,8.939526561,8.940429451,8.940624768,8.940630189,8.940584647,275.8486472,277.0846568,268.0876651,276.9631845,267.9701114
X231,0.2588076,0.228243262,0.196460485,0.197951376,0.191462189,0.183280855,0.157308489,0.176104099,0.189888537,0.208780915,0.239317954,0.290941,0.285831392,0.262055755,0.23203972,0.236184031,0.260150105,0.251991361,0.27762121,0.2631239,0.276530296,0.413257211,0.321431756,0.291805327,5.415444731,5.390409304,5.38537779,5.385028336,5.385774753,5.386777665,5.387840612,5.388917611,5.389997899,5.391078957,167.3690829,168.3636882,163.9219844,170.4084129,165.9007502
X232,0.497204214,0.484862328,0.400770068,0.464928836,0.441897631,0.470791876,0.477957249,0.54154402,0.555541217,0.568635821,0.619787574,0.524433672,0.443962276,0.461958826,0.471639544,0.477590024,0.472048312,0.47572419,0.512404501,0.472522497,0.509659052,0.635763407,0.622683465,0.633395076,11.46974814,11.42841514,11.39177029,11.35928184,11.33047835,11.30494186,11.28230182,11.2622297,11.24443424,11.2286572,347.4013275,344.3405077,333.1618774,344.2654699,333.1600864
X233,0.116237819,0.136500031,0.135382026,0.125662178,0.126743227,0.133184165,0.112089843,0.189680278,0.154231757,0.113357216,0.124642283,0.166188866,0.165521264,0.16746968,0.11672619,0.173394293,0.110459775,0.137029052,0.161195874,0.153075188,0.240421772,0.233152866,0.207539827,0.22939977,4.595183057,4.354200012,4.24888519,4.198878876,4.171420444,4.153154213,4.13863541,4.12564434,4.113276087,4.101161741,125.5643473,113.437574,98.85357131,90.85980668,77.00411903
X235,0.170993954,0.1741772,0.126527607,0.171913981,0.161224753,0.173124582,0.164794236,0.192550421,0.228972882,0.306303889,0.255435288,0.225170016,0.223229945,0.208313107,0.202410489,0.183082491,0.199414462,0.194461107,0.210762829,0.216903359,0.220505446,0.219204903,0.219370663,0.218756586,4.148320517,4.239776873,4.273705849,4.287005411,4.292907231,4.296156209,4.298453874,4.300410396,4.302244584,4.304034902,133.5359269,135.4508699,132.6971862,138.7899816,135.9285846
X241,0.178877145,0.202023357,0.219263405,0.224621981,0.196339786,0.238056242,0.295176744,0.322227359,0.297304392,0.271184146,0.276751339,0.28308779,0.305844128,0.272492886,0.288271546,0.256093264,0.280143678,0.27940011,0.31383574,0.36339283,0.338217437,0.328288853,0.290481091,0.233180702,6.821043487,6.789514642,6.780373723,6.775513027,6.771470643,6.767584707,6.763728681,6.759878374,6.756029161,6.752180156,208.643991,204.9028328,194.7712699,197.6244584,187.7276818
X242,0.251247078,0.239237458,0.195747942,0.252149284,0.199765861,0.370734632,0.155230373,0.295547247,0.258518696,0.337342441,0.334956139,0.350317836,0.376540661,0.345400482,0.356094837,0.372889042,0.360132873,0.409456491,0.433879316,0.474597514,0.407071739,0.389401346,0.348618299,0.354828715,8.831540195,8.899076934,8.919068232,8.92789627,8.934103272,8.939694876,8.94514199,8.95055518,8.955960404,8.961363758,278.7010859,283.9992708,279.7815479,294.2159281,289.6686356
X243,0.214027256,0.192729294,0.213148594,0.113848805,0.141115934,0.140488714,0.150831848,0.187561512,0.314136177,0.364181936,0.238768965,0.248376489,0.253817141,0.271417379,0.264651179,0.267779231,0.225838244,0.25279361,0.30225569,0.444028854,0.347917676,0.233806342,0.326726615,0.155799091,6.534844132,6.641422225,6.660555962,6.660134059,6.655338824,6.649565558,6.64357357,6.637532667,6.631480826,6.625426539,204.0751327,198.4431531,186.5014433,186.9931631,175.4208078
X245,0.225611418,0.222206682,0.132520258,0.188708454,0.187733561,0.155362248,0.188842565,0.27165997,0.298955262,0.326613843,0.373663366,0.349749029,0.360586822,0.267844021,0.280525506,0.20294556,0.244888961,0.210916698,0.276247025,0.251380265,0.294126749,0.308701158,0.362086713,0.307256162,6.41613372,6.423084956,6.42967831,6.435932207,6.441864123,6.447490635,6.452827468,6.457889536,6.462690983,6.46724523,200.9726112,202.6751579,196.4557813,203.0692922,196.5313422
X247,0.160131425,0.201916963,0.150210649,0.184757262,0.219533861,0.277205646,0.322472245,0.363566816,0.497986972,0.592783511,0.776557684,0.74940604,0.737550974,0.454027206,0.459993601,0.458886772,0.442985803,0.512011766,0.468708396,0.437814116,0.443233579,0.403305829,0.48390907,0.311715066,7.355164274,7.293214443,7.268385758,7.255057268,7.245291556,7.2366296,7.228309589,7.220095513,7.211914256,7.203743166,221.9099023,213.9489694,199.5750185,198.5060688,184.630276
X248,0.212637544,0.233778507,0.202824891,0.218727767,0.234020621,0.188830376,0.230884761,0.292397201,0.318765581,0.291318595,0.254995644,0.233456433,0.212391675,0.220578909,0.21330297,0.240241647,0.226503521,0.269881487,0.283694506,0.291006267,0.31897831,0.322734982,0.343352407,0.234477997,4.465674617,4.607835468,4.624828079,4.625396834,4.623810545,4.621941484,4.620035319,4.618124285,4.616212613,4.614300856,142.4968595,140.8505277,134.5576938,137.2353728,131.0591567
X250,0.442801714,0.513957858,0.346633673,0.528897643,0.42832613,0.410715014,0.477416456,0.478319526,0.429305881,0.467816949,1.068560123,0.886563957,1.114613056,0.673879385,0.537653208,0.604938567,0.533755779,0.773179173,0.832820892,1.049896717,1.060477018,1.156532526,1.315618515,0.987968683,15.73448914,14.08158015,13.18997411,12.70902728,12.44959672,12.30965564,12.23416915,12.1934505,12.1714862,12.1596383,384.310331,376.5186385,364.372876,376.5186385,364.372876
X252,0.574601114,0.571019471,0.539184093,0.464173496,0.423152447,0.28955707,0.270464122,0.272374004,0.298651844,0.326344609,0.573170424,0.608070791,0.516038239,0.589833796,0.398664027,0.365918249,0.429215074,0.431985676,0.616492033,0.681837261,0.79254353,0.722950637,0.730001748,0.616112649,12.08429674,12.06286703,12.04343039,12.02580144,12.00981207,11.99530978,11.98215628,11.97022611,11.95940551,11.94959127,369.8276219,367.5846564,355.6219586,367.4706202,355.6164566
X253,0.274196982,0.287984729,0.4198367,0.347031325,0.253220052,0.369492233,0.224881232,0.311450988,0.295892537,0.293276906,0.318742037,0.312956065,0.258992255,0.264455557,0.254604578,0.251943111,0.215841413,0.261960596,0.282023907,0.337828547,0.308346719,0.387708902,0.498122811,0.428063691,7.055408603,7.446280419,7.556699953,7.587113946,7.594704494,7.595784125,7.595006364,7.593698739,7.592239958,7.590738056,234.2624003,233.5706704,224.6461444,230.6980282,221.8661681
X254,0.296425879,0.344384789,0.329749972,0.329090118,0.330308676,0.393573314,0.33929503,0.338869423,0.349816352,0.391616613,0.275238037,0.300623655,0.310388803,0.30270344,0.33966893,0.302087307,0.386059493,0.363330334,0.401440918,0.384822905,0.340920538,0.321211219,0.384100765,0.34171617,7.747794079,7.792976087,7.792976087,7.792976087,7.792976087,7.792976087,7.792976087,7.792976087,7.792976087,7.792976087,241.5370767,241.5822587,233.7892826,241.5822587,233.7892826
X255,0.427678823,0.396398932,0.401027799,0.332766086,0.331165314,0.371061325,0.528067946,0.492282718,0.408612221,0.455683649,0.381733686,0.370810032,0.420484632,0.388695657,0.430922061,0.462804884,0.551405787,0.55857271,0.629351079,0.60880667,0.571978092,0.495574534,0.59371233,0.553271472,9.85516608,9.366383446,9.205687113,9.15294638,9.135728043,9.130198221,9.128514462,9.128096236,9.12809443,9.128229644,284.0979478,283.2062638,274.2557847,283.5890247,274.6261985
X260,0.168060064,0.196560115,0.203646004,0.212985218,0.180167228,0.232091218,0.500487387,0.287331134,0.241786957,0.173217177,0.200377166,0.247439384,0.259174168,0.239854336,0.177215487,0.206985891,0.204502463,0.223157316,0.189245671,0.208497554,0.191603422,0.168245792,0.150518745,0.128893107,6.30167754,6.158848904,6.123175736,6.113093293,6.109122392,6.106611042,6.104448259,6.102368721,6.100309063,6.098254152,188.9068965,186.6905909,178.7894339,182.8075726,175.0316743
X262,0.231470138,0.24243477,0.160954744,0.240095168,0.273386896,0.289390385,0.320452452,0.317468643,0.30947727,0.36079514,0.254677117,0.255837977,0.245948434,0.302892864,0.298447102,0.280980915,0.326903641,0.287116915,0.332904875,0.394288957,0.436659604,0.403192133,0.307428777,0.295903623,7.25551248,7.575779524,7.655016092,7.675551895,7.681791666,7.684549769,7.686459943,7.688163612,7.689816989,7.691458118,238.1829366,240.3130924,234.0590817,243.4090097,237.0551306
X263,0.472487509,0.380194724,0.373080373,0.409876317,0.240622431,0.184316039,0.19765538,0.297582358,0.284478307,0.357743442,0.399935752,0.27419728,0.375892311,0.38154918,0.413312793,0.371104419,0.435365856,0.43607083,0.510515034,0.478119761,0.538605869,0.543842793,0.493671417,0.55915004,7.113477883,6.985850382,6.963746183,6.961206647,6.96229452,6.964054936,6.965940046,6.967848274,6.96976079,6.971674099,216.6730254,218.3166698,213.0250406,221.9350808,216.5267288
X266,0.368258387,0.282831669,0.160372883,0.176615804,0.16655308,0.212087423,0.324737459,0.30989784,0.422684729,0.271355152,0.359702468,0.476990759,0.553748369,0.367154419,0.374548316,0.431180716,0.317040205,0.333862722,0.388253868,0.510681808,0.538713038,0.384467244,0.313569188,0.712813675,9.246595057,8.661077356,8.423862551,8.32831079,8.290376747,8.275877195,8.270909007,8.269817449,8.27030261,8.271429059,258.3642117,258.2012604,251.3051579,261.1627326,254.1710988
X269,0.197004825,0.183172137,0.165876418,0.21972546,0.173425227,0.174722403,0.306740731,0.332353413,0.355922699,0.449925035,0.429920346,0.363287747,0.361225665,0.259956807,0.314673364,0.315913498,0.342809618,0.34635511,0.418389559,0.438858151,0.41491434,0.390332937,0.41585049,0.332134128,7.186750687,7.202411178,7.205356176,7.205153324,7.20417119,7.202996136,7.201773324,7.200538688,7.199301126,7.198062838,222.8797365,221.7193615,213.4338731,219.3773095,211.1673711
X270,0.3541089,0.331232667,0.270165741,0.309063196,0.276353359,0.310254753,0.276598454,0.298367888,0.292924285,0.376197249,0.29968673,0.316028386,0.485868901,0.319953203,0.56564188,0.422824085,0.44206956,0.432608545,0.427686751,0.633753836,0.63893187,0.507380724,0.337874055,0.408095747,9.844761775,9.863315553,9.870278793,9.872503288,9.872790364,9.872285335,9.871456456,9.870495172,9.869479756,9.868442207,305.6701004,304.7144115,293.9215516,302.7234619,291.9948263
X271,0.418106884,0.360415041,0.34302485,0.401311398,0.266143888,0.300475329,0.238290876,0.324725628,0.326203048,0.336531699,0.333809882,0.366340578,0.404761553,0.262722671,0.22597605,0.303068936,0.271808982,0.280910373,0.395832658,0.553170264,0.555503011,0.467183739,0.561356068,0.446735919,8.102135861,7.781515308,7.709744074,7.693948073,7.690742933,7.690369933,7.690633984,7.691041332,7.691480911,7.691927741,239.0677139,238.9646685,231.6669056,239.8136031,232.4884552
X275,0.496090174,0.437589079,0.332690716,0.460612148,0.400454372,0.689323366,0.416698009,0.393436283,0.451874167,0.417027503,0.417855084,0.409282684,0.375638664,0.437986851,0.40797171,0.4051238,0.448262841,0.3896752,0.456892252,0.535048664,0.60407865,0.575237811,0.503918231,0.356193215,11.40176678,11.4832389,11.50044059,11.50734771,11.51260589,11.51759995,11.52255171,11.52749669,11.53244059,11.53738431,358.469936,363.3293254,356.1325002,372.6778416,365.1794514
X276,0.134066701,0.13114655,0.116450936,0.175372392,0.17939803,0.167662024,0.338690966,0.291326731,0.329352617,0.193837106,0.15979287,0.154359639,0.101307005,0.17466554,0.164905965,0.196730345,0.185736597,0.151351988,0.211729765,0.174411595,0.200546205,0.208955109,0.188998312,0.204147965,4.045680216,4.092056694,4.102252041,4.104493373,4.104986105,4.105094426,4.105118239,4.105123474,4.105124625,4.105124878,127.182678,127.2588734,123.1537485,127.2588734,123.1537485
X282,0.126333207,0.083373219,0.193127126,0.306183636,0.15122211,0.215692103,0.291223377,0.137977153,0.221623868,0.230023503,0.258609653,0.278851926,0.323067069,0.157456607,0.290386051,0.242723018,0.264802873,0.380053431,0.376217961,0.509967566,0.365506589,0.298433989,0.413452834,0.414622247,7.720791365,7.569272696,7.446202427,7.346239226,7.265044625,7.199094722,7.145527249,7.102017342,7.06667664,7.037971335,218.6188247,214.3342859,207.413701,214.3274799,207.4136902
X283,0.302948058,0.298639148,0.204910845,0.18708384,0.213495374,0.220769733,0.245748341,0.230603963,0.256367981,0.236200243,0.21307683,0.202721983,0.185096383,0.184343725,0.20728308,0.213838309,0.223365366,0.234253496,0.293183297,0.351062715,0.369135499,0.341048956,0.409692138,0.381605953,5.578845156,5.537993531,5.526808653,5.523746315,5.522907869,5.522678309,5.522615457,5.522598248,5.522593537,5.522592247,171.2778065,171.2003446,165.6777528,171.2003446,165.6777528
X286,0.396500111,0.328441501,0.306557655,0.353607655,0.250526935,0.384108305,0.348205447,0.398199528,0.372347921,0.464621902,0.422373384,0.405625403,0.338901162,0.405198961,0.371946067,0.39786464,0.41541183,0.425328821,0.465703398,0.429811537,0.436342329,0.461127013,0.434519231,0.470903695,9.699546475,9.53866956,9.485868453,9.468327957,9.462291523,9.460008382,9.458949783,9.458290702,9.457761966,9.457275756,293.4420195,292.6411774,282.7751005,291.760697,281.9230227
X289,0.31025207,0.339345634,0.280452013,0.331158549,0.404766798,0.326269716,0.39142698,0.334837705,0.687283397,0.578628004,0.554323554,0.76674068,0.780433834,0.544794977,0.514818668,0.427558213,0.523194969,0.643724322,0.761056423,0.685395658,0.594379365,0.397597611,0.520825267,0.516259253,7.394026359,7.869478807,7.982986141,8.012268256,8.021951026,8.027072996,8.031133661,8.034947358,8.038703586,8.04244644,249.2100778,253.6042795,248.8444969,260.6743473,255.6864979
X296,0.238653868,0.199258715,0.07600379,0.30240643,0.178200364,0.181080759,0.234721154,0.242453218,0.39944151,0.316645563,0.309850574,0.312794626,0.518624425,0.189864367,0.221001685,0.208242297,0.232486069,0.230673105,0.285455227,0.307646155,0.334266126,0.375661194,0.420995235,0.39418748,6.41361592,5.807116754,5.549494205,5.439492473,5.391953816,5.370845276,5.360920161,5.355727111,5.352536347,5.350192815,167.3389034,163.8666105,157.0048793,160.61014,153.8534562
X297,0.173462719,0.253485799,0.273771346,0.214303225,0.175391823,0.206663728,0.189106107,0.178933918,0.199203372,0.238506109,0.264741123,0.276209533,0.279324621,0.294030726,0.274948955,0.283387005,0.280216455,0.314957768,0.332027733,0.292287052,0.331853092,0.422335148,0.397465825,0.438911468,4.874755793,4.873543585,4.872357017,4.871195546,4.870058641,4.868945782,4.867856462,4.866790182,4.865746454,4.864724803,150.6537216,150.0175237,144.864133,149.5244496,144.6158197
X299,0.183125198,0.215312093,0.188943535,0.229654253,0.240511686,0.298213691,0.332659572,0.29021588,0.280883253,0.246979624,0.21262458,0.234382272,0.302351713,0.326185882,0.327287614,0.373125196,0.352308154,0.346245825,0.401559979,0.420505464,0.34386158,0.452523917,0.366686881,0.397788763,6.673576164,6.809848434,6.83982509,6.847752685,6.851106611,6.853511812,6.855720219,6.857887804,6.860046922,6.862204283,212.9160167,215.2023025,210.2338575,219.2810031,214.1809871
X300,0.239549607,0.178865165,0.151124179,0.287031054,0.150669605,0.198684275,0.191186756,0.262253165,0.289070368,0.397287607,0.593824387,0.487600237,0.323007315,0.351629585,0.389661193,0.276160091,0.273583174,0.344899356,0.720374167,0.73837924,0.877842426,0.581616163,0.272027612,0.216431081,9.473124761,9.531157604,9.55288003,9.560792667,9.563453085,9.564115949,9.564019092,9.563633293,9.563137602,9.562600117,296.1837529,295.7951733,285.738123,294.7302809,284.707582
X302,0.05069834,0.062864035,0.068793774,0.043621927,0.050519168,0.012074441,0.178658575,0.172903866,0.179475218,0.027876794,0.218087316,0.489927083,0.059461534,0.059737295,0.044257909,0.040842682,0.046475172,0.055856824,0.037318468,0.043358058,0.030805081,0.051854014,0.049912542,0.033130527,1.823803045,2.041279715,2.230782357,2.395909271,2.539795906,2.665174401,2.774425458,2.869623549,2.952576308,3.024858852,95.99011856,108.7685489,105.4329972,108.9500108,105.4355333
X303,0.728295207,0.682455838,0.976057887,0.832434535,0.620823562,0.572197556,0.483260721,0.491111636,0.539415181,0.804167271,0.737304032,0.851625621,1.305681944,1.333513618,1.534269691,1.540972948,1.558024049,1.466103077,1.478747368,0.963868618,0.906838417,0.864462376,0.745417774,0.660963655,11.12675906,11.62875293,11.70386725,11.71416063,11.71461106,11.71356685,11.71229569,11.71099006,11.7096792,11.70836754,362.0157438,361.454762,348.5946355,358.9741514,346.1940447
X305,0.358929724,0.418645918,0.362087607,0.392544776,0.327565938,0.321693689,0.322969198,0.363741875,0.403757989,0.433740616,0.46653828,0.368270338,0.367340684,0.397054851,0.361661375,0.463328838,0.398228347,0.422293544,0.531094491,0.451113373,0.438429475,0.428775251,0.576293111,0.477060437,10.18397294,10.09641166,10.0659747,10.05530389,10.05147255,10.05000779,10.04936193,10.04899941,10.04873494,10.04850439,311.6680324,311.2594942,301.02434,310.8574751,300.6352893
X308,0.466298103,0.600374877,0.450010806,0.372013062,0.224568546,0.204774618,0.168575257,0.178189158,0.20884639,0.183717191,0.282572299,0.3777771,0.409925222,0.269777298,0.134930611,0.19501099,0.223601162,0.221711427,0.266500354,0.293118268,0.334702313,0.419816077,0.483935267,0.450669289,7.592416623,7.302960656,7.21402739,7.187033861,7.179172985,7.17722202,7.177096577,7.177535021,7.178147646,7.178814073,223.2788011,223.3348772,216.7623103,224.6405642,218.0258784
X312,0.421491414,0.408330739,0.358574688,0.282913148,0.26195544,0.285872281,0.295333087,0.28396529,0.27603811,0.311371982,0.231217384,0.23424083,0.230156302,0.226742774,0.264223576,0.259676367,0.299958229,0.282462716,0.312382698,0.296221256,0.118459791,0.092005223,0.122421145,0.137049258,5.642141711,4.888506781,4.637295986,4.552447066,4.522683623,4.511159994,4.505675904,4.502191617,4.4993695,4.496766641,140.6130486,136.5371153,129.8503895,131.8203564,125.2857841
X313,0.240711391,0.231608957,0.219611228,0.237588406,0.20548591,0.157012016,0.166246146,0.185571849,0.149414003,0.181629032,0.196744919,0.215194553,0.254201084,0.292871654,0.349811256,0.35146156,0.257169902,0.290121049,0.29746753,0.288846374,0.271934539,0.321335971,0.370092511,0.342178106,5.331849172,5.760257081,5.960724343,6.054760532,6.099101444,6.120238413,6.130540893,6.135784485,6.138665957,6.140444498,189.0264119,191.311921,185.8839842,192.848313,187.3708151
X314,0.268078983,0.344978511,0.286753654,0.313273519,0.322279513,0.427827895,0.42289567,0.309387922,0.433059871,0.400461435,0.407135487,0.416644722,0.445893466,0.403597474,0.381860435,0.391388625,0.409076929,0.399322152,0.911800683,0.934718251,0.367344439,0.406045556,0.4271442,0.39593035,4.558499355,4.497572321,4.47487699,4.465305088,4.46023794,4.456717095,4.453727034,4.450919172,4.44817385,4.445449996,137.4391904,134.6973779,127.870242,129.5677888,122.9061235
X315,0.254513264,0.260696292,0.241181761,0.459764004,0.297561139,0.33226645,0.304081142,0.315494239,0.317216933,0.337627769,0.331028461,0.339423448,0.277587235,0.268494129,0.262564957,0.338923544,0.292103291,0.282957822,0.358471215,0.322260678,0.307973742,0.312369198,0.337771773,0.346265733,7.921002646,7.874490239,7.854014656,7.845717893,7.843117818,7.84318239,7.844493361,7.846387338,7.84855402,7.850848259,243.9935046,246.1333157,240.3953338,250.6837075,244.7989387
X320,0.198206127,0.158107728,0.209243476,0.235676557,0.198836237,0.277768761,0.226361841,0.230516702,0.280737817,0.352586627,0.355011374,0.340268165,0.327840149,0.341111302,0.352801204,0.335338295,0.297816545,0.329496503,0.354789019,0.413250208,0.3364923,0.333108574,0.29095614,0.299029768,5.06252185,5.588251969,5.830081396,5.942382399,5.995586634,6.021828233,6.035768249,6.044095722,6.049862498,6.054460967,186.6209034,191.8638445,188.985326,198.7058292,195.6066014
X323,0.225710422,0.22092399,0.22785908,0.231159598,0.18238917,0.21339187,0.241388351,0.270067096,0.291856945,0.260942996,0.160367161,0.214570493,0.136738271,0.222572744,0.228421718,0.232106119,0.25723505,0.332585514,0.341116101,0.336063206,0.342395723,0.319353133,0.33147949,0.268926084,6.399697411,6.327228346,6.264788267,6.210989263,6.164635497,6.124696623,6.090284885,6.060635384,6.035089073,6.013078114,185.9037633,182.194206,176.2815266,182.1572046,176.2811618
X326,0.185416579,0.123830497,0.056133181,0.130186647,0.100742429,0.099843621,0.121629983,0.188632548,0.145204961,0.161137164,0.131302655,0.124577284,0.168412805,0.131659895,0.132212192,0.108137906,0.289498806,0.139668435,0.314274043,0.326848865,0.231477022,0.217518836,0.226005584,0.142696738,4.702667949,4.658615277,4.654323958,4.658475761,4.66442042,4.670745782,4.677151985,4.683575354,4.690002368,4.696430156,146.8663083,152.9622453,153.9095962,165.117587,165.6728301
X329,0.416661382,0.37723875,0.319404304,0.362854481,0.264376462,0.277202547,0.350322723,0.341942906,0.332121253,0.283399522,0.291808009,0.369659334,0.403001487,0.375906348,0.450930595,0.443589777,0.436473012,0.433952451,0.430495411,0.495912701,0.507845283,0.461305022,0.515438795,0.479619652,5.800965274,5.13797235,5.13797235,5.13797235,5.13797235,5.13797235,5.13797235,5.13797235,5.13797235,5.13797235,159.9401358,159.2771428,154.1391705,159.2771428,154.1391705
X330,0.880331457,0.650487304,0.646753073,0.613798916,0.585196733,0.547272086,0.519851565,0.509964883,0.584678113,0.63736403,0.354785472,0.34005639,0.39890489,0.57943207,0.612000823,0.594819427,0.590141296,0.591112614,0.795200884,0.676195979,0.77651298,0.776315093,0.559333026,0.476827085,10.94496266,10.70845093,10.69098996,10.69618402,10.70372115,10.71150061,10.71930514,10.72711225,10.73491964,10.74272705,334.780654,341.9796423,338.0918248,356.7434623,352.3793925
X331,0.326372683,0.309417903,0.184152693,0.177360088,0.198423296,0.225487381,0.22830537,0.195492655,0.195878297,0.187697262,0.193353146,0.269942462,0.18426609,0.199732572,0.17675221,0.156430781,0.235020608,0.351555586,0.419358373,0.434246927,0.372940689,0.523599803,0.558434963,0.522888243,6.396385289,6.630829186,6.727737895,6.767787345,6.784330262,6.791155199,6.793962569,6.79510901,6.795568797,6.795744711,209.9865307,210.6447492,203.8276537,210.5990684,203.7834464
X333,0.382877618,0.410701334,0.340958714,0.266156375,0.27784878,0.262569338,0.267436296,0.297824204,0.3840895,0.350704193,0.292641103,0.290773451,0.167970836,0.159042895,0.192177027,0.18339029,0.190833062,0.187627852,0.277728856,0.321366489,0.288908005,0.3533957,0.319012105,0.287335098,6.256897414,6.291770238,6.29813776,6.299597771,6.3002129,6.300682572,6.301127202,6.301567522,6.302007098,6.302446548,195.4073312,195.8798608,189.9632273,196.7108089,190.7673705
X337,0.327507228,0.357512623,0.28402254,0.259232342,0.326391101,0.28365016,0.28017661,0.40123266,0.449438572,0.426729172,0.40131405,0.396881759,0.445106149,0.435347259,0.426970959,0.413762391,0.470707893,0.526905417,0.526519597,0.600929379,0.547879994,0.452135324,0.453080565,0.390882283,8.102976963,8.220161657,8.247273475,8.254797315,8.258061396,8.260399115,8.262535379,8.264627833,8.266710761,8.268791616,256.5315074,258.7186258,252.2763195,262.6524346,256.0832312
X341,0.286531389,0.323672891,0.271505892,0.472587854,0.205297649,0.270314038,0.235408992,0.212018192,0.219486624,0.225755364,0.227111161,0.311465085,0.263925046,0.240656346,0.311955035,0.409242868,0.381215513,0.447668582,0.480501205,0.56938529,0.520026803,0.480448365,0.38850534,0.46996963,5.570628702,5.542827995,5.515875492,5.489745313,5.464412371,5.43985234,5.41604164,5.392957408,5.37057748,5.348880366,162.878748,151.4977338,142.4302861,145.5081866,140.1828944
X347,0.098192573,0.135709316,0.09888956,0.17693302,0.111944437,0.109719038,0.094004691,0.144778788,0.142415345,0.178217262,0.222928911,0.305305183,0.311563879,0.293545932,0.234862238,0.273330271,0.27350682,0.309335619,0.287068695,0.352039784,0.37763828,0.457121611,0.442241073,0.335842907,5.973802953,5.901894725,5.849066787,5.810256333,5.781743932,5.760797075,5.745408304,5.734102824,5.725797166,5.71969535,177.8080927,176.7869075,171.0840343,176.7868354,171.0840343
X349,0.432301164,0.298444271,0.260089338,0.231162161,0.220695108,0.283491194,0.262689352,0.248795301,0.301857948,0.242129147,0.295800805,0.28988874,0.254252285,0.251546621,0.168846995,0.322197556,0.247861952,0.377418011,0.264720559,0.249149054,0.436337292,0.493551522,0.539529204,0.536236107,5.484141226,5.330705733,5.303087428,5.296367605,5.293119062,5.290447104,5.287870919,5.285310642,5.282753007,5.280195811,163.4274181,160.753066,153.2277288,155.9175736,148.54822
X350,0.168580711,0.193548828,0.169371843,0.174572736,0.186437607,0.221057117,0.148222089,0.214196771,0.295701593,0.251997232,0.271107972,0.267224193,0.638142824,0.24741742,0.299289376,0.294363707,0.337046146,0.351803482,0.351352036,0.747278333,0.688975871,0.419201851,0.813091755,0.361150682,7.858794508,7.960187852,7.986615909,7.992930811,7.993849362,7.993320074,7.992402332,7.991380367,7.99033044,7.989273011,247.278937,246.4514675,237.5313549,244.446666,235.5912245
X352,0.212003529,0.195679456,0.12479037,0.103401989,0.123375267,0.151795357,0.174533606,0.157332003,0.178057104,0.191895336,0.194147497,0.281274408,0.345201999,0.317948222,0.272806048,0.169013232,0.295661092,0.230833918,0.266835511,0.258973926,0.280222595,0.270970762,0.256881595,0.316642165,7.374821802,7.19152534,7.109489359,7.074073856,7.060122491,7.056053248,7.056533748,7.059108957,7.062648574,7.066632204,220.5115058,224.059339,220.823285,232.3087833,228.8066181
X353,0.129312426,0.143354893,0.18376869,0.265953988,0.138663143,0.251162738,0.223677248,0.288135946,0.241379321,0.221847951,0.234679669,0.20802477,0.206974477,0.202440947,0.215633988,0.184502751,0.170098543,0.253286034,0.469571799,0.316439629,0.227572769,0.262776494,0.222191244,0.211069107,5.206339845,5.561084688,5.714932291,5.781653727,5.810589829,5.823138989,5.828581375,5.830941657,5.831965277,5.832409206,179.7091091,180.8152242,174.982475,180.8152242,174.982475
X354,0.438808739,0.433444232,0.418632895,0.437379718,0.438347191,0.092393786,0.105507255,0.195654154,0.35244,0.35572806,0.174500465,0.190752298,0.222202063,0.203733981,0.343429923,0.31339258,0.434262902,0.339721054,0.337495536,0.474206477,0.410805166,0.284428775,0.199445069,0.274564534,5.536344461,5.200524933,5.092408406,5.057811387,5.046951949,5.043756772,5.04303619,5.043114592,5.043450965,5.043870631,157.1782821,156.8863138,152.2457997,157.7550055,153.0864691
X357,0.31045121,0.271606505,0.325709343,0.259248286,0.2498478,0.528081834,0.600743115,0.389982224,0.580377042,0.543696523,0.551662803,0.536451995,0.568625033,0.52963531,0.56752497,0.555027306,0.554994345,0.521091402,0.540243745,0.534729838,0.55988729,0.529999793,0.569234788,0.517483175,7.577175923,7.73233924,7.775905064,7.787112996,7.788938698,7.788044005,7.78636053,7.784448345,7.782469846,7.780472119,240.5099585,238.8943359,229.3529621,235.1017858,225.6827524
X358,0.112487942,0.102414876,0.128196537,0.084785461,0.111360759,0.099399924,0.140723795,0.187459141,0.177061349,0.155215323,0.168320268,0.141501009,0.145671397,0.147940189,0.175609678,0.194077551,0.190979272,0.152192503,0.179430932,0.161576152,0.100064754,0.150012761,0.149319053,0.19366166,5.353315341,5.441083797,5.500500623,5.540724177,5.567954414,5.586388535,5.598867926,5.607316131,5.613035332,5.616907074,173.534537,174.3756502,168.7506338,174.3756549,168.7506338
X363,0.099505782,0.1290465,0.158263743,0.236759275,0.112236977,0.160977125,0.118806005,0.128333569,0.105344683,0.168481171,0.100351512,0.165217131,0.257555246,0.593573749,0.664322019,0.271771193,0.278210759,0.362594783,0.268664837,0.324308872,0.206618458,0.375326455,0.394923389,0.452512622,8.959362343,9.021975294,9.031697743,9.036977804,9.041884741,9.046760337,9.051633301,9.056506044,9.061378768,9.066251491,281.8913081,286.6428092,281.8548083,295.8571279,290.7718909
X364,0.464415103,0.382932037,0.36743176,0.404377669,0.357892096,0.380747437,0.208988607,0.235979021,0.254253745,0.243943155,0.153696686,0.16440928,0.325446427,0.372088015,0.326464713,0.309568524,0.28648603,0.259359658,0.338728309,0.446296781,0.584159911,0.597691417,0.607580662,0.493029714,8.146936076,7.587097208,7.400436606,7.340591704,7.323842084,7.321737363,7.32460936,7.329172576,7.334310513,7.339643754,229.835038,233.759892,231.1911544,244.0351604,241.1349626
X367,0.139312893,0.166517824,0.180206716,0.170281649,0.19142887,0.164661586,0.176326305,0.178415954,0.173655957,0.157314539,0.192379057,0.206685156,0.192077726,0.196802825,0.21109724,0.175176203,0.224577338,0.190417498,0.200310677,0.266423732,0.172259122,0.193325847,0.221371442,0.206283092,4.713929757,4.597852801,4.576433526,4.573449032,4.574054751,4.575359671,4.576800762,4.578268372,4.579741147,4.581214929,142.4731167,143.7083669,140.4213455,146.4957471,143.1188101
X368,0.427593827,0.341048837,0.234621853,0.200321138,0.18122229,0.212486744,0.149996579,0.235420913,0.305673152,0.596397281,0.43755731,0.383508533,0.294693738,0.365580261,0.431018829,0.365020186,0.542690396,0.476696253,0.480482876,0.515562057,0.521713734,0.545507431,0.54024148,0.589196742,8.688767111,8.408048879,8.349736227,8.337623137,8.335106926,8.334584242,8.334475666,8.334453112,8.334448427,8.334447454,258.8150824,258.3678632,250.033416,258.3678632,250.033416
X371,0.26393497,0.292053759,0.319088995,0.297951043,0.313722551,0.274855375,0.310364425,0.376430273,0.371876955,0.368630797,0.381071001,0.366132617,0.366270244,0.299036622,0.323387086,0.435471594,0.42029345,0.382659525,0.482314676,0.508396268,0.453980446,0.532776058,0.457744151,0.389378458,8.634781938,8.770212143,8.791599177,8.793920203,8.793053727,8.791654358,8.790165899,8.788662545,8.787156701,8.78565044,271.8775513,270.6273877,260.5191673,267.7788914,257.762558
X376,0.435909957,0.376386076,0.266470939,0.26211673,0.284471035,0.310700834,0.273937047,0.349837303,0.354542673,0.335182309,0.338665605,0.367852628,0.343920588,0.352919757,0.467333794,0.306632698,0.420592576,0.423271924,0.477319419,0.536340773,0.501200438,0.708031595,0.506940782,0.471236885,7.573222578,7.226669733,7.126518752,7.097575925,7.089211681,7.086794481,7.08609593,7.085894055,7.085835714,7.085818854,220.3456925,219.6601721,212.57436,219.6601721,212.57436
X377,0.14648515,0.144715041,0.142287612,0.634183645,0.166067272,0.168537378,0.274814725,0.320896745,0.274835527,0.232165635,0.200848997,0.215173721,0.212496281,0.177495092,0.174159259,0.198749095,0.206185728,0.207301736,0.234832585,0.27753222,0.276012331,0.205444872,0.22661683,0.180444032,4.171663445,4.079832959,3.997087822,3.922529164,3.855347046,3.794811664,3.740265415,3.691115758,3.646828775,3.606923372,109.5583207,100.9045735,97.31855194,100.5486071,97.30452821
X378,0.256539702,0.341534495,0.162562311,0.560159564,0.28453809,0.340963215,0.251909971,0.292305112,0.224039853,0.180780351,0.115669519,0.18601647,0.167341828,0.101172537,0.2487275,0.226320237,0.15778777,0.191842496,0.266042411,0.222955137,0.366844356,0.288584411,0.353479892,0.223274469,7.711405084,6.995337624,6.846914269,6.815477367,6.808150343,6.805792153,6.804457995,6.803334882,6.802255263,6.801184607,211.7723899,209.6113314,201.872155,207.5911223,199.917114
X379,0.376937926,0.330861777,0.408148915,0.402561009,0.284409523,0.35930562,0.417789698,0.55535388,0.3665362,0.308757871,0.299898058,0.313937068,0.292262673,0.237544537,0.352072179,0.241383284,0.250988424,0.207006156,0.320583314,0.462361157,0.391614735,0.605709374,1.089975357,1.202189207,10.82412555,10.83651143,10.84889731,10.86128319,10.87366907,10.88605496,10.89844084,10.91082672,10.9232126,10.93559848,341.3073268,353.2101586,353.1493638,376.6318599,375.8155264
X383,0.172233522,0.171662003,0.190092593,0.141833216,0.142955571,0.15005213,0.149365008,0.160791546,0.285907626,0.401556194,0.475827485,0.335511446,0.348899841,0.417797923,0.359450579,0.298018634,0.299853355,0.349364758,0.298948228,0.335450023,0.301109165,0.424976826,0.375825316,0.3662242,6.583778571,6.38961171,6.294735604,6.248431148,6.225887265,6.214966723,6.209732157,6.207279091,6.206186695,6.205759921,193.1437559,192.601266,186.5810801,192.9996329,186.9665965
X386,0.401976228,0.347629786,0.346965075,0.413829446,0.431596071,0.445506394,0.532720983,0.533534169,0.448975265,0.384304702,0.367696822,0.36350584,0.356638849,0.398329496,0.391840786,0.391537637,0.481510639,0.472495794,0.444772005,0.458770305,0.503166735,0.511694074,0.477892935,0.499964505,8.156622888,8.369365633,8.419841659,8.431784875,8.434577863,8.435197985,8.435302124,8.435283736,8.435236251,8.435181857,261.1141657,261.4258003,252.9409706,261.3188723,252.8374919
X389,0.289720356,0.331567347,0.311263263,0.325122654,0.400639504,0.395385474,0.365537494,0.470580637,0.542485416,0.475723922,0.504871011,0.519170344,0.439422846,0.445413738,0.530093312,0.49282077,0.523982882,0.489739984,0.525980234,0.636358917,0.504809141,0.542132318,0.546505034,0.449337304,8.745636755,8.710167883,8.706194836,8.709731188,8.715057972,8.720811639,8.726667086,8.732546801,8.7384323,8.74431918,272.2402345,277.8266365,274.2513768,288.9595422,285.0251566
X393,0.143776089,0.110151619,0.251207829,0.210263848,0.118759751,0.178680629,0.223243415,0.366985947,0.326478362,0.288494587,0.269451261,0.279493511,0.260077536,0.244227946,0.253275961,0.269624233,0.272463471,0.289594591,0.310084343,0.297963738,0.31361267,0.317203969,0.309783578,0.262207836,7.310998019,7.267442738,7.25592501,7.251446436,7.248514475,7.245922328,7.243404845,7.240903766,7.238406292,7.23590961,223.9162919,221.4497569,212.021956,216.7289521,207.4534351
X396,0.174075872,0.142510235,0.119478822,0.131064564,0.120965689,0.119118065,0.128577203,0.155099064,0.168670684,0.222690672,0.276036918,0.239067972,0.230519563,0.258033574,0.298541307,0.247525066,0.223700762,0.212121069,0.2192837,0.239924759,0.324112654,0.382017702,0.333627015,0.211831927,4.920916998,4.861801705,4.848722451,4.845663922,4.844786616,4.8443841,4.844084932,4.843808259,4.843536484,4.843265775,150.1870854,149.8310728,144.7503846,149.319722,144.255529
X397,0.529812336,0.484822512,0.555890679,0.582055092,0.440272629,0.577353716,0.552087367,0.499976605,0.531258225,0.764122605,0.710669279,0.802037776,0.80786705,0.685934424,0.732541084,0.68950665,0.791295052,0.736889005,0.662556648,0.739838481,0.70817697,0.755984664,0.946020305,0.791364312,12.95709112,12.94566393,12.95396847,12.965672,12.97796104,12.99035094,13.00275822,13.01516849,13.02757927,13.03999015,406.5829127,418.4749874,416.3317604,441.943984,439.0436925
X398,0.176002353,0.130874574,0.14739579,0.139957666,0.116984695,0.166957647,0.166479766,0.147432238,0.17786032,0.11347577,0.124212742,0.148868054,0.194915324,0.161503255,0.17761761,0.179414064,0.201194018,0.211639047,0.226781666,0.380247414,0.506348073,0.31864959,0.42406708,0.392771125,4.223922868,4.302261577,4.324646099,4.330870556,4.332427844,4.332637212,4.332457289,4.332164935,4.331840111,4.331505908,134.0583098,133.8890324,129.2607513,133.2498536,128.6421911
X399,0.153386623,0.18080616,0.205129981,0.181468964,0.10905835,0.098142087,0.070985615,0.081223875,0.073922396,0.166783154,0.315031469,0.190748006,0.226908594,0.186630398,0.196557939,0.24521932,0.185279071,0.164504647,0.14074105,0.175819576,0.133593559,0.218538523,0.210814238,0.22518447,3.910851775,3.628042849,3.628042849,3.628042849,3.628042849,3.628042849,3.628042849,3.628042849,3.628042849,3.628042849,112.7521372,112.4693283,108.8412855,112.4693283,108.8412855
X402,0.41368857,0.291304678,0.241273522,0.186049193,0.23002106,0.310308307,0.379072189,0.441936076,0.526563406,0.713243127,0.786988616,0.771038055,0.944640517,0.653459191,0.63786149,0.564221501,0.62977767,0.648972034,0.585154951,0.696036935,0.681221843,0.730893075,0.895658255,0.792224824,9.147080665,9.121830923,9.097815117,9.074972946,9.053247055,9.032582893,9.012928573,8.994234745,8.976454471,8.959543106,275.8783005,269.3060282,259.2800108,267.6254351,258.929356
X403,0.363861352,0.277799517,0.196670026,0.300162196,0.140795887,0.123968542,0.106479764,0.16405493,0.111572951,0.169007629,0.172966421,0.225589722,0.255819499,0.169228494,0.170097947,0.137701869,0.14615348,0.135685146,0.150144666,0.182034135,0.22672382,0.152483791,0.202527463,0.229812175,5.386243907,5.246038539,5.219561233,5.21598505,5.217020406,5.218984375,5.221135337,5.223323953,5.225520151,5.227717876,162.6913676,164.5804833,161.2827062,168.7371094,165.3052475
X405,0.181072444,0.200041771,0.132827193,0.161554903,0.181664616,0.225147158,0.191732705,0.197934002,0.334481329,0.283002734,0.295976996,0.285602927,0.291587889,0.278980225,0.28515327,0.254352093,0.280876487,0.314246207,0.337778032,0.280064821,0.334993184,0.328555942,0.307203889,0.269226193,5.799292521,5.702485851,5.6673227,5.654386698,5.649465263,5.647433684,5.646444118,5.645830275,5.645351909,5.644922394,175.1531333,174.5310538,168.5332179,173.7709299,167.7976141
X406,0.266413033,0.24891296,0.345227689,0.23136425,0.198077768,0.207169592,0.174392432,0.198315859,0.211806089,0.282461166,0.238526165,0.24798587,0.235809207,0.268286765,0.2220321,0.260165244,0.2556687,0.306583345,0.29204911,0.305641532,0.3773911,0.443582416,0.47431311,0.468975842,6.825616954,6.867360729,6.87758898,6.878439266,6.876498983,6.873728321,6.870710566,6.867619284,6.864506123,6.861386452,212.031314,209.1215896,199.5187089,203.2170755,193.804663
X407,0.491419286,0.499385387,0.367465079,0.333580554,0.341047227,0.301718235,0.265495718,0.401052684,0.402842522,0.417893738,0.467606008,0.456571728,0.508588195,0.452773929,0.420568377,0.518471479,0.561252892,0.506743789,0.589785755,0.565799475,0.501957595,0.587829649,0.545623004,0.562018871,9.606257826,9.604091273,9.60192472,9.599758166,9.597591613,9.59542506,9.593258507,9.591091953,9.5889254,9.586758847,296.7865453,294.7044876,283.215495,290.6075354,279.2507025
X408,0.266885936,0.290467799,0.439519495,0.296829045,0.339901924,0.329738438,0.440565348,0.611950397,0.389034241,0.375623465,0.402242482,0.331244379,0.346705973,0.306800902,0.441438705,0.409322172,0.551963627,0.585419059,0.424380839,0.481093377,0.375739694,0.356596977,0.316054791,0.360766053,7.859176687,7.922014392,7.933361933,7.934028588,7.932479647,7.930471114,7.928367245,7.9262436,7.924115852,7.921987254,245.0822221,243.1398488,233.3487564,239.1142479,229.4530137
X410,0.215929776,0.277693391,0.165866524,0.202583224,0.160694569,0.178052634,0.189647853,0.206464291,0.226186007,0.237904191,0.215629518,0.177913636,0.187252134,0.16902408,0.233160764,0.212799877,0.198884338,0.206121683,0.209058195,0.208316624,0.190515876,0.218631297,0.204913169,0.144869655,4.827346906,4.827268899,4.827195074,4.827125206,4.827059084,4.826996505,4.826937282,4.826881232,4.826828187,4.826777986,149.6248692,149.6066699,144.7774705,149.602781,144.7767745
X412,0.022899657,0.025253445,0.020133615,0.065132588,0.023567349,0.026120782,0.033409923,0.039109379,0.048627257,0.048997402,0.031705379,0.045351505,0.059568197,0.035857856,0.023263991,0.04454571,0.080923021,0.041418225,0.081160158,0.111793697,0.11712119,0.117684752,0.091904074,0.058123618,0.92332593,0.848074023,0.829485443,0.824303745,0.822294194,0.821035192,0.819953775,0.818914375,0.817884917,0.816857811,25.25904566,24.14533068,22.42731406,22.20445172,20.54904411
X414,0.100985318,0.146023422,0.117128849,0.221612602,0.141265392,0.150471419,0.154332608,0.241355598,0.250935972,0.306901991,0.330530584,0.334685266,0.302267551,0.231187195,0.205284715,0.202944517,0.277110696,0.259826452,0.338665336,0.365218997,0.338943779,0.422209024,0.431082189,0.235999644,5.631428239,5.602423333,5.583300042,5.570497415,5.561737732,5.555564071,5.55104453,5.547583029,5.544798292,5.542446438,171.6901926,169.9573004,163.0259156,166.9629254,160.1281335
X419,0.145700246,0.140013903,0.096401691,0.148431689,0.143674046,0.138975143,0.175905377,0.148103416,0.130437165,0.134840935,0.158714414,0.168094218,0.164899796,0.171833605,0.178961217,0.191153258,0.144263089,0.145237297,0.20385471,0.185192019,0.208585113,0.237793058,0.19985652,0.184845805,3.843109092,3.795297109,3.772975591,3.762339168,3.757059316,3.754234972,3.752536258,3.751353545,3.750407372,3.749569631,116.2559616,115.3786325,110.9741864,113.9680193,109.6090768
X421,0.495341241,0.2906003,0.209481657,0.277695656,0.242967278,0.307409048,0.299827427,0.343796015,0.36928612,0.35773766,0.364843905,0.345489532,0.375010163,0.314035922,0.254841179,0.300344586,0.402212292,0.516750097,0.57666868,0.620976567,0.64025718,0.636907518,0.750804901,0.540650964,10.44921671,10.44544187,10.44773059,10.45230532,10.45774188,10.46350337,10.46938736,10.47531752,10.4812651,10.48721925,326.2370087,331.9376804,326.6816888,343.2044764,337.5850398
X422,0.252121806,0.260204583,0.250298858,0.273282886,0.289223701,0.269220948,0.303382277,0.359630525,0.452558398,0.477185071,0.468463719,0.436038077,0.471886992,0.417188317,0.496118486,0.484835684,0.480994076,0.496053606,0.496500015,0.458327472,0.416620821,0.504940808,0.414784074,0.435812294,8.398035886,8.439449472,8.448962495,8.451766832,8.453160332,8.454257134,8.45529154,8.456312824,8.457331349,8.458349293,262.3333626,263.3762342,255.8115043,265.3008746,257.6740595
X423,0.308050871,0.281359553,0.237083882,0.267273724,0.290488988,0.214635581,0.275314152,0.255026817,0.305680394,0.217179567,0.235086203,0.313068509,0.239196122,0.222303331,0.33163166,0.253819108,0.347617865,0.331302732,0.482910275,0.370965183,0.377770394,0.441602021,0.442733794,0.277303189,8.769332931,8.815865003,8.828208946,8.836262753,8.843778207,8.851226106,8.858665527,8.866103884,8.873542108,8.880980316,276.6427777,283.8420107,281.4917742,297.9076559,295.1036889
X426,0.17358911,0.196443051,0.302827418,0.241981328,0.364195585,0.266146809,0.286941886,0.300535142,0.318230718,0.306025118,0.275782287,0.271234095,0.269526184,0.284128308,0.271039426,0.227684379,0.221416503,0.306050211,0.348356634,0.324368715,0.279732227,0.343964398,0.405059755,0.305884063,6.729005691,6.813118098,6.88873862,6.956724588,7.017846776,7.072798144,7.122201689,7.166617514,7.206549172,7.242449379,226.4787644,234.1330369,226.8534763,234.4259557,226.864242
X427,0.300021768,0.302133322,0.312391341,0.260332644,0.307319939,0.366485029,0.339486063,0.334930003,0.376589745,0.433822781,0.45335111,0.425480068,0.429725885,0.408330411,0.408353508,0.419439048,0.416896522,0.42859596,0.449907899,0.482085764,0.496133685,0.588580847,0.530997038,0.486969948,7.972867542,8.200921666,8.250893373,8.259560542,8.258647513,8.255512448,8.251862001,8.248092018,8.244294308,8.240490168,254.3542423,251.0896373,239.5074065,243.8923362,232.5422764
X431,0.315755069,0.26782468,0.321069419,0.254229903,0.301577419,0.29989174,0.317750871,0.298014313,0.385953605,0.384660512,0.507168293,0.521728814,0.480186611,0.419087887,0.564106584,0.567033529,0.685730159,0.605587006,0.44515565,0.537329495,0.480485946,0.478567123,0.583297849,0.661421597,8.95398066,8.65414404,8.433738295,8.271300312,8.151166551,8.061905937,7.995176199,7.944889241,7.90660204,7.877072127,245.1414733,235.4669777,222.4925327,224.3511544,211.7355081
X435,0.302480817,0.338380128,0.273767114,0.30141294,0.322650969,0.373859257,0.351985365,0.301455557,0.368804187,0.38225469,0.421110779,0.438667178,0.47456947,0.477824181,0.38639316,0.364974171,0.349641979,0.415715307,0.359592468,0.426839322,0.42741403,0.519890845,0.574615538,0.526972592,7.420492496,7.339030655,7.314557497,7.306239927,7.302502267,7.300062954,7.297991706,7.296024801,7.294087475,7.292158535,225.8536317,223.8481849,214.8653312,220.2068328,211.341442
X443,0.329917669,0.309187859,0.321595073,0.335681915,0.341703475,0.311193109,0.338876545,0.358142585,0.323718786,0.363511264,0.312149465,0.351435274,0.351250529,0.35316515,0.340982199,0.341947436,0.329187006,0.326836467,0.363211393,0.346830189,0.401893437,0.409825921,0.430529684,0.412384868,8.728102285,8.708720122,8.706152139,8.709509823,8.714955834,8.721137815,8.727579167,8.734111926,8.7406769,8.747253226,272.4510068,278.7148789,275.7470684,291.1623957,287.7930524
X445,0.416056722,0.378504783,0.235313267,0.366812289,0.388087034,0.44714421,0.131042659,0.308557093,0.406610399,0.150835156,0.173287362,0.22681883,0.160652786,0.089296132,0.030291289,0.219999313,0.136052638,0.047548652,0.17047146,0.390046448,0.650738299,0.530547321,0.660059988,0.451674253,10.63165842,10.9923926,11.18040349,11.28138807,11.33852462,11.37356841,11.39748082,11.4157847,11.43126273,11.44531697,355.78131,369.3121238,368.9354719,393.154518,392.0087566
X446,0.269748807,0.288295388,0.224460542,0.18094182,0.145326138,0.140216887,0.141821802,0.191350132,0.219566077,0.288710177,0.289998144,0.284300327,0.344713748,0.374954522,0.311275184,0.290754437,0.285972476,0.290956259,0.274033844,0.356582046,0.362130612,0.397505254,0.401514649,0.436545968,6.705719463,6.815936204,6.839215485,6.844342703,6.84567987,6.846225695,6.846606292,6.846952391,6.847291287,6.847628678,212.1636483,212.6630253,206.111278,213.3002825,206.7279785
X449,0.123187542,0.146851003,0.085523188,0.161785692,0.154957801,0.227024585,0.215724707,0.232759297,0.362573147,0.55606395,0.519881487,0.437983453,0.409345627,0.381895095,0.284992814,0.395427018,0.479366958,0.426761329,0.494157165,0.518045545,0.510974467,0.585919142,0.509844959,0.432259917,8.06297948,7.896969744,7.793968967,7.730062112,7.690411091,7.665809606,7.650545609,7.641075059,7.635199054,7.631553286,237.5457804,236.3934004,228.7678064,236.3933999,228.7678064
X450,0.361293525,0.221067607,0.091245204,0.196348071,0.211914957,0.273022592,0.198701978,0.206794888,0.251966596,0.408175647,0.346320719,0.339215457,0.386778772,0.616084516,0.463273108,0.351867735,0.416687906,0.53469193,0.639223695,0.5849545,0.349183023,0.431316674,0.389391124,0.369992495,7.850394919,6.850265138,6.595201508,6.530233096,6.513765333,6.509671964,6.508735781,6.508605119,6.508679976,6.50880727,203.6027394,201.9394413,195.5581735,202.2141172,195.8239888
X455,0.643185973,0.799758732,0.561638832,0.524864733,0.589715838,0.645402431,0.321207821,0.343663663,0.352652788,0.375793576,0.367681921,0.482285768,0.449035466,0.327590495,0.305201441,0.356827587,0.426615596,0.581690609,0.482942075,0.451597899,0.488345414,0.58551538,0.619422793,0.70054394,10.38133084,9.990948053,9.888694541,9.867490604,9.869085579,9.877093792,9.886906024,9.897225718,9.90768816,9.918190755,310.1962631,319.5282262,318.8451192,339.4183535,338.0936295
X457,0.212726474,0.21968919,0.144612402,0.324260652,0.185741365,0.230783135,0.250597894,0.296995312,0.288173139,0.387535155,0.528194129,0.363848507,0.436281025,0.376453042,0.359167159,0.437164456,0.56609875,0.601082683,0.677481771,0.848500371,1.102548003,1.350902438,1.200718164,0.899281025,7.45124906,7.158276575,7.085338287,7.06839347,7.06569766,7.066627884,7.068480847,7.070568625,7.072716158,7.074878897,220.2554394,221.8078061,216.6363711,225.9073609,220.6036822
X459,0.141154259,0.138025105,0.14401108,0.236615181,0.127038926,0.101676911,0.19033578,0.165165156,0.103140295,0.137920588,0.090861768,0.04370147,0.03083393,0.088485807,0.057965159,0.074492991,0.167468607,0.080687433,0.12678054,0.158134341,0.089835167,0.077695072,0.057418048,0.052853972,3.306566626,3.45949228,3.526719536,3.555842387,3.56802273,3.572669861,3.573967471,3.573775772,3.572921874,3.571773541,109.9730903,109.1433111,104.3561424,106.5260498,101.8233088
X460,0.329436839,0.381381094,0.234963059,0.148802131,0.143627852,0.150646299,0.186415672,0.132216007,0.17856133,0.182705969,0.228341639,0.209766656,0.217095017,0.190233737,0.151429474,0.246887207,0.217585921,0.215097457,0.224775225,0.205701798,0.207602173,0.308636844,0.337043613,0.289127886,4.815350995,4.633671957,4.605510958,4.602702009,4.60407971,4.606148797,4.608332059,4.610534177,4.612739408,4.614945153,143.7374137,145.5934059,142.9151946,149.7646629,146.951895
X462,0.420014113,0.339676201,0.377525538,0.39872548,0.350432992,0.212038547,0.235081762,0.281603545,0.249765277,0.358721137,0.352677613,0.305806786,0.275046587,0.298944116,0.254680991,0.259073347,0.323653996,0.289500922,0.338798851,0.357095778,0.27140063,0.333061844,0.320472896,0.380124807,6.625823259,6.742007376,6.785355204,6.802829676,6.811113254,6.816131987,6.819990962,6.82343796,6.826738613,6.82998728,212.0572974,215.4234658,211.4206465,221.5125369,217.3132959
X468,0.18290928,0.144651622,0.310187757,0.14326036,0.192513525,0.150845736,0.15017581,0.188739657,0.198801965,0.227575153,0.221642405,0.313643813,0.314887971,0.20598948,0.246459395,0.27600807,0.274801552,0.349381924,0.414683938,0.438209534,0.367708951,0.366515636,0.279772848,0.262036145,5.615009447,5.517530941,5.517530941,5.517530941,5.517530941,5.517530941,5.517530941,5.517530941,5.517530941,5.517530941,171.1409377,171.0434592,165.5259282,171.0434592,165.5259282
X470,0.364098847,0.27605027,0.176795393,0.22453934,0.236721933,0.29069531,0.264064491,0.322126955,0.412612796,0.445053756,0.343052655,0.351924539,0.460165679,0.46603182,0.428267896,0.372171819,0.371385515,0.377779782,0.449027389,0.421652019,0.470021427,0.455887973,0.466088265,0.435677081,9.328935367,9.336405919,9.338683175,9.339806933,9.340674485,9.341485131,9.342283137,9.343078335,9.34387291,9.344667346,289.8214129,290.5958612,281.9486742,292.0980654,283.4024202
X472,0.19820717,0.185164332,0.206583858,0.422699571,0.209967911,0.191801548,0.276638865,0.33952117,0.310134947,0.303825259,0.295155078,0.334384024,0.182820499,0.288176775,0.273900807,0.457880437,0.517933309,0.345478892,0.409392715,0.35827899,0.285817981,0.221414775,0.255247295,0.230397791,7.643027128,7.414628575,7.225764853,7.069592651,6.940453202,6.833667251,6.7453655,6.672348413,6.611970277,6.562043343,203.6314371,196.0505766,189.7061086,196.0295859,189.7060507
X473,0.156843007,0.096113563,0.128088742,0.369347423,0.099153817,0.094126552,0.126934111,0.320739359,0.067228585,0.177973598,0.322971523,0.165670276,0.281428874,0.154395401,0.136708856,0.098396689,0.108470023,0.190592855,0.214408249,0.265588403,0.203869194,0.172660351,0.181672037,0.170943409,4.956002426,4.895537271,4.842187998,4.79511717,4.753585903,4.71694227,4.684611068,4.656084785,4.630915636,4.608708536,141.9844462,137.7969054,133.268329,137.7087756,133.2665168
X481,0.18542549,0.225047469,0.232689083,0.24922514,0.254384518,0.222059131,0.229944289,0.214610577,0.226875573,0.221923262,0.247814924,0.238373488,0.236895174,0.220952541,0.224035054,0.283618331,0.150503784,0.248275101,0.206960797,0.213296473,0.20888266,0.225806922,0.293904424,0.261134833,6.031918172,6.03960158,6.047061995,6.054305888,6.061339544,6.068169064,6.074800372,6.081239221,6.087491197,6.093561724,189.7352466,193.0047356,188.0377825,194.8328185,188.7567127
